OBJECTID,YEAR_,STATE,AGENCY,UNIT_ID,FIRE_NAME,INC_NUM,ALARM_DATE,CONT_DATE,CAUSE,C_METHOD,OBJECTIVE,GIS_ACRES,COMMENTS,COMPLEX_NAME,IRWINID,FIRE_NUM,COMPLEX_ID,DECADES,Shape__Area,Shape__Length
184,2023,CA,LRA,LAC,VICTOR,00248830,2023/07/25 00:00:00+00,2023/07/27 00:00:00+00,4,7,1,57.49, ,,{7A6D6F37-3738-418C-96F3-632C7BB252EB},,,2020,343984.6484375,3500.44681430332
534,2022,CA,CCO,LAC,CANYON,00115026,2022/04/06 00:00:00+00,2022/04/06 00:00:00+00,9,7,1,2.593182,,,{7AB52765-9118-466F-9AD6-4E815D3A6772},,,2020,15407.35546875,645.217796364835
535,2022,CA,LRA,LAC,BARREL,00216308,2022/06/29 00:00:00+00,2022/06/30 00:00:00+00,9,7,1,7.608925,,,{4200A3E8-C00D-4F4C-B43F-9F01DA1DC6BF},,,2020,45513.296875,1584.63298497674
536,2022,CA,LRA,LAC,CUT OFF,00230119,2022/07/10 00:00:00+00,2022/07/10 00:00:00+00,14,7,1,2.501228,,,,,,2020,14755.64453125,901.81659764373
537,2022,CA,CCO,LAC,HUGHES,00263997,2022/08/06 00:00:00+00,2022/08/06 00:00:00+00,10,7,1,7.944128,,,{874F1FFB-5162-4830-9B34-AA83E2404072},,,2020,47749.11328125,1204.86300003396
538,2022,CA,CCO,LAC,SYCAMORE,00051618,2022/02/10 00:00:00+00,2022/02/11 00:00:00+00,14,7,1,3.735543,,,{77FBE31A-636F-44C0-ABE7-611D1C06F214},,,2020,22052.17578125,1130.49981314723
539,2022,CA,CCO,LAC,SAM,00269184,2022/08/10 00:00:00+00,2022/08/11 00:00:00+00,14,7,1,125.3294,,,{856D83A6-E6BA-416B-8800-94E4F35F5066},,,2020,753342.03515625,6504.56126241821
540,2022,CA,CCO,LAC,QUAIL,00278058,2022/08/17 00:00:00+00,2022/08/18 00:00:00+00,14,7,1,60.45229,,,{9566B9A2-C067-4E91-8026-F4E83013C428},,,2020,360946.04296875,4126.2223006563
541,2022,CA,LRA,LAC,RIDGE,00280336,2022/08/18 00:00:00+00,2022/08/19 00:00:00+00,14,7,1,4.834825,,,{3811358E-4FE1-4AC6-93D7-12F991C25768},,,2020,28648.2421875,978.568954557221
542,2022,CA,CCO,LAC,TIERRA,00222780,2022/08/17 00:00:00+00,2022/08/17 00:00:00+00,14,7,1,2.101613,,,{7C9FCF52-9513-4247-950D-7366B2CFD7F4},,,2020,12569.51171875,718.012932041454
543,2022,CA,CCO,LAC,ROUTE,00294803,2022/08/31 00:00:00+00,2022/09/07 00:00:00+00,14,7,1,5227.923,,,{E27C88E9-90B0-4557-8DB3-3ED1232D95A0},,,2020,31259236.4570312,32350.6960298258
544,2022,CA,CCO,LAC,MUNZ,00313159,2022/09/13 00:00:00+00,2022/09/14 00:00:00+00,14,7,1,1.847821,,,{62D7ED5F-EB02-4D9C-A6C6-52A81D9078F1},,,2020,11081.2265625,461.619076099197
545,2022,CA,CCO,LAC,CHESEBORO,00304524,2022/09/07 00:00:00+00,2022/09/08 00:00:00+00,14,7,1,1.093091,,,{89D02F81-6609-485A-BAC2-C5CB3050CEEC},,,2020,6529.66015625,350.443293916413
546,2022,CA,LRA,LAC,LOBO,00326174,2022/09/24 00:00:00+00,2022/09/25 00:00:00+00,14,7,1,10.79503,,,{449ABB54-788F-4BFE-AFF5-FDB28AA0886A},,,2020,63953.0078125,1397.11626360272
548,2022,CA,CCO,LAC,PYRAMID,00358988,2022/10/21 00:00:00+00,2022/10/22 00:00:00+00,10,7,1,6.758175,,,{C571C51F-1747-4835-BA2B-AEC0AB7F99D0},,,2020,40658.81640625,946.095224887192
748,2021,CA,CCO,LAC,TOWSLEY,00023140,2021/01/19 00:00:00+00,2021/01/22 00:00:00+00,14,1,1,183.8866, ,,{E3EF16DA-5374-4ED5-A736-EDFF1E7631A4},,,2020,1094378.0703125,7867.4514331809
749,2021,CA,LRA,LAC,KELLOGG,00023118,2021/01/19 00:00:00+00,2021/01/19 00:00:00+00,14,1,1,12.2616, ,,{64644DBD-388F-4CF3-8F5C-98B6C8CDBBC8},,,2020,72488.9609375,1239.72451905119
750,2021,CA,CCO,LAC,NEWTON,00009554,2021/01/08 00:00:00+00,2021/01/08 00:00:00+00,14,1,1,2.265879, ,,,,,2020,13399.23828125,443.870646367217
751,2021,CA,CCO,LAC,SPRINGS,00023522,2021/01/19 00:00:00+00,2021/01/19 00:00:00+00,14,1,1,2.711827, ,,{16EE176C-2F92-414A-ACDA-3BBE52258EBD},,,2020,16191.2109375,602.769807076875
752,2021,CA,LRA,LAC,RYE,00039029,2021/02/02 00:00:00+00,2021/02/02 00:00:00+00,2,1,1,1.171693, ,,{B8CFA69E-0831-493C-B040-C746A6858919},,,2020,6991.0078125,381.443667019439
753,2021,CA,LRA,LAC,KNOLLS,00065761,2021/02/28 00:00:00+00,2021/02/28 00:00:00+00,14,1,1,5.079092, ,,{01D623B3-9EBE-4F5B-B623-DE548AD08038},,,2020,30009.5234375,1699.60172736577
754,2021,CA,CCO,LAC,TURNBULL,00117398,2021/04/18 00:00:00+00,2021/04/18 00:00:00+00,14,1,1,1.467101, ,,{FDAB51CB-E6C0-44F7-8F3E-D737F9E8DE4C},,,2020,8657.671875,419.574015017645
755,2021,CA,CCO,LAC,NORTH,00128550,2021/04/28 00:00:00+00,2021/04/30 00:00:00+00,14,1,1,552.1964, ,,{7868868C-D03D-489A-AD12-514C48E537E0},,,2020,3295783.60546875,12210.6425154492
756,2021,CA,LRA,LAC,VIRGENES,00129683,2021/04/29 00:00:00+00,2021/04/29 00:00:00+00,14,1,1,6.461127, ,,{5F9B995A-B09B-47C4-B230-96F07BB6B017},,,2020,38272.453125,841.440750299626
757,2021,CA,CCO,LAC,PINE,00144343,2021/05/12 00:00:00+00,2021/05/14 00:00:00+00,14,1,1,441.2523, ,,,,,2020,2631239.4921875,21430.1348462545
758,2021,CA,LRA,LAC,PALISADES,00001448,2021/05/15 00:00:00+00,2021/05/21 00:00:00+00,14,1,1,1202.648, ,,,,,2020,7115175.3671875,19990.114323399
759,2021,CA,CCO,LAC,LIMA,00207495,2021/07/06 00:00:00+00,2021/07/06 00:00:00+00,14,1,1,61.52447, ,,{7BAF08DE-5382-4B84-8C00-545DA09F312D},,,2020,368931.28125,3723.94078217574
760,2021,CA,CCO,LAC,DULCE,00205231,2021/07/04 00:00:00+00,2021/07/04 00:00:00+00,14,1,1,12.19143, ,,{4166DD78-F457-4195-AA62-F13F497B4BD4},,,2020,72843.36328125,1372.73361260489
761,2021,CA,CCO,LAC,TUMBLEWEED,00205212,2021/07/04 00:00:00+00,2021/07/08 00:00:00+00,14,1,1,856.8701, ,,{7004765C-68A1-4A89-AD4F-6F7C6F7663FE},,,2020,5150536.13671875,17039.1214432664
762,2021,CA,CCO,LAC,FLORES,00223635,2021/07/19 00:00:00+00,2021/07/19 00:00:00+00,14,1,1,6.922003, ,,{B907C5DC-8E75-4BD1-B949-AF76487B736B},,,2020,40922.27734375,1173.61544978681
763,2021,CA,CCO,LAC,SYCAMORE,00240307,2021/08/02 00:00:00+00,2021/08/02 00:00:00+00,10,1,1,3.27472, ,,{19A3FED9-54EE-4186-88EA-DBFC1A618469},,,2020,19692.67578125,615.439122138747
764,2021,CA,CCO,LAC,VASQUEZ,00244896,2021/08/06 00:00:00+00,2021/08/06 00:00:00+00,14,1,1,1.501651, ,,{46959910-EF6F-46B5-8B5A-62177E17B609},,,2020,8964.01171875,594.401024090168
765,2021,CA,CCO,LAC,GOLDEN,00246149,2021/08/07 00:00:00+00,2021/08/07 00:00:00+00,10,1,1,19.88849, ,,{CE88B3A6-4657-439D-8DFF-68DF556B368F},,,2020,118472.01171875,3090.81560394961
766,2021,CA,CCO,LAC,DALTON,00304402,2021/09/24 00:00:00+00,2021/09/24 00:00:00+00,10,1,1,2.21358, ,,{8FD28016-3834-41FA-90B9-C9E8D3333AC6},,,2020,13117.1484375,665.076004830206
767,2021,CA,LRA,LAC,TONNER,00310831,2021/09/30 00:00:00+00,2021/09/30 00:00:00+00,14,1,1,1.969455, ,,{3D28F642-20F1-4A23-B6FE-38A440B8276D},,,2020,11616.12109375,442.469459640313
768,2021,CA,CCO,LAC,TUNA,00211043,2021/07/09 00:00:00+00,2021/07/09 00:00:00+00,14,4,1,4.544237, ,,{3EB9DD67-C19B-4BF6-B8A0-1EEDA2924B03},,,2020,26855.39453125,893.374158362318
769,2021,CA,CCO,LAC,MIDDLE,00386317,2021/11/11 00:00:00+00,2021/11/11 00:00:00+00,11,1,1,17.06123, ,,,,,2020,99265.796875,1238.32352484562
813,2021,CA,CCO,LAC,BOAT,02130196,2021/07/01 00:00:00+00,2021/07/01 00:00:00+00,10,1,1,1.496656,South Fire Crew 10,,,,,2020,9008.015625,807.78356103229
949,2021,CA,CCO,LAC,PACIFICO,,2021/01/17 00:00:00+00,2021/01/17 00:00:00+00,15,7,1,2.883715,,,,,,2020,17045.55859375,769.721101577619
955,2021,CA,CCO,LAC,ROCKY 3,00070396,2021/08/18 00:00:00+00,2021/08/18 00:00:00+00,14,4,1,2.237706,,,{7DDA650C-1CCF-43B8-B0D5-6FC6C532E903},,,2020,13293.8984375,486.862066528628
1168,2020,CA,CCO,LAC,EQUESTRIAN,00167541,2020/06/08 00:00:00+00,2020/06/09 00:00:00+00,11,1,1,83.61877,,,{F7256433-1F41-42E3-80AD-1FB6806AB74C},,,2020,499137.76953125,3815.29825199733
1169,2020,CA,CCO,LAC,SOLEDAD,00197926,2020/07/05 00:00:00+00,2020/07/07 00:00:00+00,9,1,1,1525.536,,,{44797D81-7F12-447F-9D0E-B9AB3EBE8D6C},,,2020,9101965.32421875,23117.5582574448
1170,2020,CA,CCO,LAC,RIDGE,00222638,2020/07/27 00:00:00+00,2020/07/28 00:00:00+00,14,7,1,320.8393,,,{BE918A6A-BC2E-4306-B328-0EE1D9CDC9BA},,,2020,1928676.69140625,12353.9659255893
1171,2020,CA,CCO,LAC,CASTAIC,00228163,2020/08/01 00:00:00+00,2020/08/01 00:00:00+00,14,1,1,178.3116,,,{CA78272A-542B-4230-BFDB-DC874853C1A0},,,2020,1066001.359375,6079.35151358337
1172,2020,CA,CCO,LAC,WEST,00181840,2020/06/21 00:00:00+00,2020/06/21 00:00:00+00,14,1,1,46.83757,,,{A07269D6-8F07-423F-81CC-B9E3C1ABCD45},,,2020,281528.85546875,2371.90873965361
1173,2020,CA,CCO,LAC,3 POINTS,00198047,2020/07/05 00:00:00+00,2020/07/05 00:00:00+00,14,1,1,11.78609,,,{90925275-1D48-4D5B-8324-FF0025736362},,,2020,70801.65234375,1043.06249914957
1175,2020,CA,CCO,LAC,JOHNSON,00259152,2020/08/28 00:00:00+00,2020/08/29 00:00:00+00,10,1,1,291.9492,,,{5AD2331C-B590-45CA-BB2F-E636850F90CD},,,2020,1750755.3046875,7290.87199216327
1176,2020,CA,CCO,LAC,QUAIL,00306071,2020/10/09 00:00:00+00,2020/10/09 00:00:00+00,5,1,1,12.85847,,,{04484860-8962-4993-AA77-FBC6C41EAEEC},,,2020,77284.2890625,1617.63837654305
1177,2020,CA,CCO,LAC,RAYBURN,00252458,2020/08/22 00:00:00+00,2020/08/22 00:00:00+00,14,1,1,12.39058,,,{94E121AD-AFDE-427A-A43D-09A45B472B93},,,2020,74128.78125,1417.42955084624
1178,2020,CA,CCO,LAC,ACTON,00293564,2020/09/28 00:00:00+00,2020/09/28 00:00:00+00,9,1,1,13.84105,,,{3781F54C-FAEE-4CB0-9143-53DF5F7A107C},,,2020,82643.65625,1485.44842318222
1179,2020,CA,CCO,LAC,SAN DIMAS,00355402,2020/11/06 00:00:00+00,2020/11/06 00:00:00+00,7,7,1,128.1708,,,,,,2020,759180.5546875,3681.25802473587
1279,2020,CA,CCO,LAC,ELSMERE,00230295,2020/08/03 00:00:00+00,2020/08/03 00:00:00+00,14,8,1,159.2057,,,{57EB6874-9A95-46D5-B89F-44ECBBC1D67D},,,2020,947991.3671875,8008.7885737042
1404,2020,CA,CCO,LAC,TOPANGA,00216968,2020/07/22 00:00:00+00,2020/07/22 00:00:00+00,11,1,1,2.614254,,,,,,2020,15481.3984375,693.288838752859
1405,2020,CA,CCO,LAC,AIRPORT,00149563,2020/05/21 00:00:00+00,2020/05/21 00:00:00+00,10,1,1,3.001326,,,{7B3C5243-CCCB-4244-812B-181248439696},,,2020,17928.3515625,647.712235662552
1406,2020,CA,CCO,LAC,MESA,00207264,2020/07/13 00:00:00+00,2020/07/13 00:00:00+00,11,1,1,1.250532,,,{4DFA8DF1-BAE2-4E47-A1F9-BC8D9EC5DBD3},,,2020,7389.67578125,341.164339704946
1407,2020,CA,CCO,LAC,COLIMA,00169545,2020/06/09 00:00:00+00,2020/06/09 00:00:00+00,14,1,1,6.245241,,,{7B194478-4A28-41AC-B070-1F1C53B8A705},,,2020,36841.3125,913.027198090041
1408,2020,CA,CCO,LAC,HASLEY,00171441,2020/06/11 00:00:00+00,2020/06/11 00:00:00+00,2,1,1,6.671049,,,{A7881767-7566-4C05-B135-2E70FF8C607D},,,2020,39807.84375,1091.07305978108
1409,2020,CA,CCO,LAC,HILL,00163511,2020/06/04 00:00:00+00,2020/06/04 00:00:00+00,14,1,1,3.485558,,,{40B32CC5-F63E-4C34-B9EE-F77380C070B5},,,2020,20568.64453125,556.023711256184
1410,2020,CA,CCO,LAC,210TH,00198391,2020/07/05 00:00:00+00,2020/07/05 00:00:00+00,14,1,1,7.067647,,,{5F34D457-82C1-4CA8-90E3-DE3692FABAC8},,,2020,42477.21484375,1320.89377392804
1411,2020,CA,CCO,LAC,CALGROVE,00191517,2020/06/30 00:00:00+00,2020/06/30 00:00:00+00,2,1,1,4.228073,,,{7EF8596E-EC94-4D54-8827-6BD1D5C8642A},,,2020,25169.72265625,677.921531194218
1412,2020,CA,CCO,LAC,GROVE,00242462,2020/08/14 00:00:00+00,2020/08/14 00:00:00+00,14,1,1,1.798941,,,{C06BCE1D-A963-4B0F-93CC-6FE133A79F64},,,2020,10619.9140625,613.530621499692
1413,2020,CA,CCO,LAC,TOPANGA,00271897,2020/09/08 00:00:00+00,2020/09/08 00:00:00+00,10,1,1,6.732281,,,{F429DBAF-815A-460C-9ABC-1466153F36C8},,,2020,39790.87890625,861.944455107239
1414,2020,CA,CCO,LAC,PALM,00275442,2020/09/11 00:00:00+00,2020/09/11 00:00:00+00,14,1,1,8.40679,,,{0738318A-2C3A-4AA6-9ED3-53E6964BE171},,,2020,49643.26953125,935.250203511598
1415,2020,CA,CCO,LAC,NO NAME,00290998,2020/09/26 00:00:00+00,2020/09/26 00:00:00+00,10,1,1,3.013402,,,{2FD3861E-F516-4B88-8CCA-5F3F87B3D28C},,,2020,18110.921875,777.324041684401
1416,2020,CA,CCO,LAC,CANYON,00377420,2020/12/13 00:00:00+00,2020/12/13 00:00:00+00,11,1,1,7.26888,,,{8DACD89E-4CEF-4A44-AF69-675C220A78DD},,,2020,42854.96484375,1243.21599332351
1417,2020,CA,CCO,LAC,BANNING,00385995,2020/12/20 00:00:00+00,2020/12/20 00:00:00+00,11,3,1,1.529065,,,{B4EACF59-B0B2-40CD-963A-14E4AE3D6A69},,,2020,8908.9140625,466.336693910691
1467,2020,CA,CCO,LAC,VISTA,00172557,2020/06/12 00:00:00+00,2020/06/12 00:00:00+00,14,4,1,16.15369,,,{E2C843AD-E813-4A75-9030-9A76AF18E44A},,,2020,95632.7890625,3240.06921411074
1470,2020,CA,CCO,LAC,PEAK,00238836,2020/08/11 00:00:00+00,2020/08/11 00:00:00+00,10,7,1,26.72971,,,{E229258B-1562-4318-999B-1BB127EF0C6E},,,2020,158808.44921875,1872.92443606597
1471,2020,CA,CCO,LAC,ROCK POOL,00244876,2020/08/16 00:00:00+00,2020/08/17 00:00:00+00,14,7,1,92.71667,,,{EEA6C880-3F62-4331-A118-A7F68479EA10},,,2020,548603.20703125,4264.61092839376
1472,2020,CA,CCO,LAC,WAVE,00307499,2020/10/10 00:00:00+00,2020/10/10 00:00:00+00,14,4,1,5.205859,,,{A8E6EF68-9151-4447-8AA2-D4F0752D59EA},,,2020,30752.69921875,1214.28639972654
1673,2019,CA,CCO,LAC,TOPANGA 2,,2019/11/16 00:00:00+00,2019/11/16 00:00:00+00,14,,1,3.962995,,,,,,2010,23451.6171875,680.19556732091
1716,2019,CA,CCO,LAC,LAKE 2,,2019/08/02 00:00:00+00,2019/08/02 00:00:00+00,14,,1,1.006445,,,,,,2010,5982.30460810661,274.182159948825
1778,2019,CA,CCO,LAC,TICK,,2019/10/24 00:00:00+00,2019/10/31 00:00:00+00,14,3,1,4581.739,"WFDSshape from GEOMAC, dat from CAL FIRE webS",,,,,2010,27336078.6953125,59174.7200961569
1790,2019,CA,CCO,LAC,MUREAU,,2019/10/30 00:00:00+00,2019/10/30 00:00:00+00,14,7,1,5.9004,,,,,,2010,34952.75,963.071018828235
2060,2018,CA,CCO,LAC,RAMBLA,00048048,2018/02/13 00:00:00+00,2018/02/13 00:00:00+00,11,1,1,0.02526989,,,{ABD7034F-3264-41D9-B43B-49C554A71B28},,,2010,149.3515625,62.4067150575034
2061,2018,CA,CCO,LAC,BRIDGE,00118530,2018/04/19 00:00:00+00,2018/04/20 00:00:00+00,11,1,1,7.767941,,,{D39B0CD0-16B7-419A-8CE4-D53979B885DA},,,2010,46535.18359375,1735.42714048899
2062,2018,CA,CCO,LAC,HEFFNER,00134007,2018/05/04 00:00:00+00,2018/05/05 00:00:00+00,14,1,1,17.8683,,,{9D0C681E-F12C-4F0A-8DFC-5D80D49212F9},,,2010,106552.078125,2311.12414602473
2063,2018,CA,CCO,LAC,COMMERCE,00136301,2018/05/06 00:00:00+00,2018/05/06 00:00:00+00,11,1,1,14.20331,,,{85BAF3EA-49EB-4C47-921A-ABC5D39EC27F},,,2010,84695.1796875,3047.44235824034
2064,2018,CA,CCO,LAC,SOUTH,00171655,2018/06/09 00:00:00+00,2018/06/12 00:00:00+00,14,7,1,175.1159,,,{E2DE7813-AA21-4312-8FBC-486565E09E39},,,2010,1042451.62890625,4169.41077632081
2065,2018,CA,CCO,LAC,VIEW,00157745,2018/05/27 00:00:00+00,2018/05/27 00:00:00+00,2,1,1,0.1131595,,,{95AB8469-10B4-45A8-AC67-133964272E47},,,2010,667.6484375,167.795439282033
2066,2018,CA,CCO,LAC,SUN,00184429,2018/06/21 00:00:00+00,2018/06/21 00:00:00+00,14,1,1,0.9127468,,,{B53440AA-38F4-4035-9594-ECC8529DA9BB},,,2010,5428.96875,543.806037284555
2067,2018,CA,CCO,LAC,DULCE,00250407,2018/08/18 00:00:00+00,2018/08/18 00:00:00+00,15,1,1,9.17901,,,{8EB8FA1C-18F6-447A-AD69-A7AE1353848E},,,2010,54783.76953125,2078.39087973815
2068,2018,CA,CCO,LAC,VANTAGE,00273301,2018/09/08 00:00:00+00,2018/09/08 00:00:00+00,3,1,1,0.1195796,,,{DB03F436-2BC1-485B-8F71-77FB212497EE},,,2010,705.2578125,105.789006114859
2069,2018,CA,CCO,LAC,STONE,00166129,2018/06/04 00:00:00+00,2018/06/05 00:00:00+00,2,7,1,1350.647,,,{A7D9C0A6-F17F-4052-BB7B-A817F7EAB752},,,2010,8076638.40234375,23581.6876487441
2070,2018,CA,CCO,LAC,QUAIL,00314199,2018/10/16 00:00:00+00,2018/10/16 00:00:00+00,14,1,1,2.155347,,,{C8883C51-C624-421E-85C1-BF125356F80C},,,2010,12957.94140625,860.112573530667
2071,2018,CA,CCO,LAC,WELDON,00331818,2018/11/01 00:00:00+00,2018/11/01 00:00:00+00,2,1,1,0.08640093,,,{9C510174-E3B7-4293-BB63-E9F1245DE5DC},,,2010,514.18359375,97.5897796246284
2072,2018,CA,CCO,LAC,CHARLIE,00288255,2018/09/22 00:00:00+00,2018/09/23 00:00:00+00,14,7,1,3350.528,,,{1EDBE08A-0F18-4AB3-BE59-D00EFE8F9DD8},,,2010,20020954.2382812,30913.2829436431
2073,2018,CA,CCO,LAC,MUREAU,00307419,2018/10/10 00:00:00+00,2018/10/10 00:00:00+00,11,1,1,0.1335966,,,{40323155-8B3C-4B92-B0F9-F33F3C682A20},,,2010,791.41015625,125.802097341378
2074,2018,CA,CCO,LAC,SANTA MARIA,00330515,2018/10/31 00:00:00+00,2018/10/31 00:00:00+00,14,1,1,1.347234,,,{D6CD0730-0560-43DF-B3FF-EA8890F31B5A},,,2010,7975.60552889109,601.430444495755
2075,2018,CA,CCO,LAC,COPCO,00345491,2018/11/07 00:00:00+00,2018/11/14 00:00:00+00,9,1,1,6.980345,,,{FEB5A87A-41C8-488E-91D1-B8F5EBD43F31},,,2010,41912.03125,982.77242084307
2076,2018,CA,CCO,LAC,FAIRMONT,00273722,2018/09/09 00:00:00+00,2018/09/09 00:00:00+00,14,7,1,219.2987,,,{2D2887AA-4530-46AF-893F-41181BB33C0D},,,2010,1316299.03125,5748.20109397697
2077,2018,CA,CCO,LAC,OAK,00389425,2018/12/25 00:00:00+00,2018/12/25 00:00:00+00,11,1,1,2.18085,,,{5458EC96-634D-42FC-9746-39BD8FB83F6D},,,2010,13017.6640625,582.622201109047
2213,2018,CA,CCO,LAC,PICO,00221025,2018/07/23 00:00:00+00,2018/07/24 00:00:00+00,14,7,1,111.3536,,,{7B1588CD-610E-47F8-9038-5CFE30286317},,,2010,663352.50390625,6399.92933172952
2214,2018,CA,CCO,LAC,WOOLSEY,00338981,2018/11/08 00:00:00+00,2018/11/20 00:00:00+00,11,7,1,89551.38,VNC INC# 00091023    18-0091023 VNC end date 1/4/2019,,{B13D8C7F-2B0B-4BA5-960C-CC4767139B06},,,2010,530077573.371094,657758.046565514
2457,2017,CA,CCO,LAC,ENCINAL,00125827,2017/04/29 00:00:00+00,2017/04/29 00:00:00+00,2,7,1,2.525276,,,{63478059-83BE-4EF5-9110-D580E9843F53},,,2010,14933.80078125,750.120974597807
2458,2017,CA,CCO,LAC,PLACERITA,00187296,2017/06/25 00:00:00+00,2017/06/26 00:00:00+00,7,7,1,759.7584,,,{02254813-7E4E-4ED4-89FD-9E407D442697},,,2010,4525545.8359375,18978.9736384337
2459,2017,CA,CCO,LAC,LAKE,00178275,2017/06/17 00:00:00+00,2017/06/17 00:00:00+00,14,7,1,733.2616,,,{B859BA3F-49F8-4D3F-A1D9-7ABBA2744B59},,,2010,4385183.73828125,17739.3844126574
2460,2017,CA,CCO,LAC,STOKES,00191819,2017/06/29 00:00:00+00,2017/07/02 00:00:00+00,14,7,1,42.10419,,,{E4E6DF64-93C5-4409-87AD-2E5333EC0179},,,2010,249150.1953125,2640.65544771803
2461,2017,CA,CCO,LAC,GAVINA,00143075,2017/05/15 00:00:00+00,2017/05/15 00:00:00+00,4,1,1,2.574129,,,,,,2010,15311.2265625,712.967430517682
2462,2017,CA,CCO,LAC,MULHOLLAND,00147096,2017/05/19 00:00:00+00,2017/05/19 00:00:00+00,14,1,1,7.373501,,,{958FED8D-8D55-421F-8D24-447D5137F05F},,,2010,43624.45703125,1365.05840633091
2463,2017,CA,CCO,LAC,BARN,00157711,2017/05/29 00:00:00+00,2017/05/29 00:00:00+00,4,7,1,2.064039,,,{B9F4AA08-A5F5-4CB0-8B31-45DB1F9E42E6},,,2010,12330.96875,541.38648636913
2464,2017,CA,CCO,LAC,FIVE,00163449,2017/06/03 00:00:00+00,2017/06/03 00:00:00+00,14,7,1,25.30416,,,{345A6716-8356-46DB-82EC-3AB757B61766},,,2010,151271.87109375,2686.85859822005
2465,2017,CA,CCO,LAC,SOUTH,00174063,2017/06/13 00:00:00+00,2017/06/13 00:00:00+00,4,1,1,9.507282,,,{1FD3FE3D-1A73-4615-9BF9-9F2CD7489F74},,,2010,57020.25390625,1177.2297938569
2466,2017,CA,CCO,LAC,WAGON,00184068,2017/06/22 00:00:00+00,2017/06/22 00:00:00+00,2,7,1,0.1805364,,,{E4974E24-69AC-4FAA-ABE0-A66BD280BFDE},,,2010,1078.046875,154.415832407693
2467,2017,CA,CCO,LAC,BROWNS,00197749,2017/07/04 00:00:00+00,2017/07/05 00:00:00+00,8,7,1,0.03477105,,,{9C7968DB-4830-4A82-BFF7-A3B1F41AECC5},,,2010,206.75,76.8444736800326
2468,2017,CA,CCO,LAC,VISTA,00224040,2017/07/29 00:00:00+00,2017/07/29 00:00:00+00,14,7,1,0.5557644,,,{E087E0B2-2823-49ED-B0C4-F5AF81FB46CF},,,2010,3322.33203125,327.685859742429
2469,2017,CA,CCO,LAC,PALMS,00227042,2017/07/31 00:00:00+00,2017/07/31 00:00:00+00,14,7,1,2.911873,,,{1D919F81-BE62-4695-B5A3-57744AF5D91A},,,2010,17195.82421875,667.983315539701
2470,2017,CA,CCO,LAC,JOHNSON,00171906,2017/06/11 00:00:00+00,2017/06/11 00:00:00+00,7,7,1,38.81298,,,{54EB6B22-5E67-4A0E-AB00-1CF18B101B16},,,2010,232771.9453125,3727.66889737429
2471,2017,CA,CCO,LAC,CANYON,00197049,2017/07/04 00:00:00+00,2017/07/04 00:00:00+00,14,7,1,1.362349,,,{1A8A7FFA-5C95-4012-ADC5-DE22ABC41F82},,,2010,8033.296875,804.378836961196
2472,2017,CA,CCO,LAC,NEENACH,00192904,2017/06/30 00:00:00+00,2017/06/30 00:00:00+00,2,7,1,18.74323,,,{BFABB4EC-2D56-40C8-A73F-11349A3EAFCD},,,2010,112692.73046875,1732.55656891096
2473,2017,CA,CCO,LAC,OLD,00212637,2017/07/18 00:00:00+00,2017/07/18 00:00:00+00,2,7,1,1.638321,,,{0AF6CEA9-ED57-4B87-AE8F-A554C4679A0B},,,2010,9747.8828125,621.700390963247
2474,2017,CA,CCO,LAC,HASLEY,00202478,2017/07/09 00:00:00+00,2017/07/09 00:00:00+00,8,1,1,1.342572,,,{1231E7AF-E060-4093-9B94-667C24CDE7E8},,,2010,8010.05859375,396.208921324656
2475,2017,CA,CCO,LAC,MARTINEZ,00298577,2017/10/05 00:00:00+00,2017/10/06 00:00:00+00,7,1,1,0.05247684,,,{D90A6446-BD8D-47D8-8006-EE29631046A2},,,2010,313.05859375,84.9692708032463
2476,2017,CA,CCO,LAC,COYOTE,00324083,2017/10/29 00:00:00+00,2017/10/29 00:00:00+00,14,1,1,0.2426913,,,{6469813F-9AC4-4D7F-935B-4D9205B9E430},,,2010,1438.92578125,207.601785479195
2477,2017,CA,CCO,LAC,MEDLEY,00314882,2017/10/21 00:00:00+00,2017/10/21 00:00:00+00,14,1,1,0.02775379,,,{5475AA3F-FE68-46CC-862F-EB28DFCF8052},,,2010,164.1484375,61.6310025173991
2478,2017,CA,CCO,LAC,TETON,00290730,2017/09/28 00:00:00+00,2017/09/28 00:00:00+00,14,7,1,0.3011239,,,{412AE3A6-C702-4D39-ABE9-D863A433412E},,,2010,1777.46875,219.109806654465
2479,2017,CA,CCO,LAC,LEONA,00270836,2017/09/09 00:00:00+00,2017/09/09 00:00:00+00,11,1,1,0.139297,,,{AAAB52D0-2FC6-40B1-A32D-B657D05A3457},,,2010,834.13671875,136.421125774922
2480,2017,CA,CCO,LAC,ESCONDIDO,00241015,2017/08/13 00:00:00+00,2017/08/13 00:00:00+00,14,1,1,65.97264,,,{42732492-4027-4BC0-BD12-6081046E073F},,,2010,394057.0078125,3261.06603557647
2481,2017,CA,CCO,LAC,PARKMOR,00220731,2017/07/25 00:00:00+00,2017/07/25 00:00:00+00,14,1,1,1.132044,,,{F9F82135-E30D-49DC-BF6A-87F54B627487},,,2010,6707.03125,322.580428171964
2482,2017,CA,CCO,LAC,TOWSLEY,00207488,2017/07/13 00:00:00+00,2017/07/15 00:00:00+00,8,7,1,35.99306,,,{996E935B-961A-41BE-8B01-4EAADBB3CCDA},,,2010,214235.859375,2985.56062120632
2483,2017,CA,CCO,LAC,RODEO,00218382,2017/07/23 00:00:00+00,2017/07/23 00:00:00+00,14,1,1,61.10294,,,{B5E6EA87-1F6D-4527-9D4A-FF10CC452111},,,2010,361739.70703125,6777.39635565649
2484,2017,CA,CCO,LAC,GORMAN,00223518,2017/07/28 00:00:00+00,2017/07/28 00:00:00+00,14,7,1,149.61,,,{F7F75624-EE91-4EB2-903A-3F1C67C4E18A},,,2010,899961.0078125,6001.88563704616
2485,2017,CA,CCO,LAC,SIERRA,00255759,2017/08/27 00:00:00+00,2017/08/28 00:00:00+00,2,1,1,36.46341,,,{67F41B06-0352-4DEF-9B3B-749CECBF03E7},,,2010,217830.67578125,2749.51960208942
2486,2017,CA,CCO,LAC,HACIENDA,00338819,2017/11/12 00:00:00+00,2017/11/12 00:00:00+00,14,1,1,0.247208,,,{B9E9849E-395E-4B50-835F-2E2FEC40F6DC},,,2010,1458.421875,212.624414426701
2487,2017,CA,CCO,LAC,SKYLINE,00339735,2017/11/13 00:00:00+00,2017/11/13 00:00:00+00,2,1,1,0.07016324,,,{A432E642-8769-4EB9-9D51-B8356EBAD374},,,2010,415.279760499485,152.499434605055
2488,2017,CA,CCO,LAC,RAMBLA,00377553,2017/12/18 00:00:00+00,2017/12/18 00:00:00+00,2,1,1,0.1799399,,,{47926A6D-5BBF-4B1E-B463-0758491CF70F},,,2010,1063.47823938914,138.045665168854
2489,2017,CA,CCO,LAC,CREEK,00362189,2017/12/05 00:00:00+00,2017/12/05 00:00:00+00,14,7,1,15619.15,,,{CC315B2A-9E5B-4333-9FD0-0EAFC15019AD},,,2010,92857036.046875,71990.6476738906
2490,2017,CA,CCO,LAC,RYE,00362441,2017/12/05 00:00:00+00,2017/12/13 00:00:00+00,14,7,1,6047.719,,,{1FFA91E8-2BA0-4095-9769-B18A5C655101},,,2010,36056780.6015625,43088.9726766245
2818,2017,CA,CCO,LAC,TOPANGA,00191835,2017/06/29 00:00:00+00,2017/07/02 00:00:00+00,14,7,1,20.00055,,,{481687B7-6B0A-480B-A7A3-5E7F323AC224},,,2010,118210.6953125,2543.84169062352
2986,2016,CA,CCO,LAC,NEWHALL  FIRE,109704,2016/04/15 00:00:00+00,2016/04/15 00:00:00+00,11,1,1,28.31304,,,,,,2010,168912.859375,4723.16438130099
2987,2016,CA,CCO,LAC,GORMAN FIRE,114380,2016/04/19 00:00:00+00,2016/04/19 00:00:00+00,14,7,1,105.8172,,,,,,2010,636358.6953125,6493.24981621831
2988,2016,CA,CCO,LAC,WESTLAKE  FIRE,118511,2016/04/23 00:00:00+00,2016/04/24 00:00:00+00,14,1,1,1.313691,,,,,,2010,7777.9921875,594.999254997107
2989,2016,CA,CCO,LAC,CEMENT FIRE,124428,2016/04/29 00:00:00+00,2016/04/29 00:00:00+00,5,1,1,30.11751,,,,,,2010,181025.890625,2826.02914181132
2990,2016,CA,CCO,LAC,DALE FIRE,153333,2016/05/28 00:00:00+00,2016/05/28 00:00:00+00,14,7,1,4.628255,,,,,,2010,27654.86328125,1288.19971681375
2991,2016,CA,CCO,LAC,WAYSIDE FIRE,165688,2016/06/09 00:00:00+00,2016/06/09 00:00:00+00,14,1,1,7.189027,,,,,,2010,42892.7421875,1121.68104005965
2992,2016,CA,CCO,LAC,SAGE FIRE,198015,2016/07/09 00:00:00+00,2016/07/16 00:00:00+00,4,7,1,850.8893,,,,,,2010,5066086.77734375,12250.8143587639
2993,2016,CA,CCO,LAC,TOPANGA FIRE,180879,2016/06/23 00:00:00+00,2016/06/23 00:00:00+00,14,1,1,0.8112921,,,,,,2010,4803.2265625,431.226092679497
2994,2016,CA,CCO,LAC,SYCAMORE FIRE,201310,2016/07/12 00:00:00+00,2016/07/12 00:00:00+00,14,1,1,3.283275,,,,,,2010,19571.50390625,1095.15290454111
2995,2016,CA,CCO,LAC,BARNES FIRE,208738,2016/07/19 00:00:00+00,2016/07/19 00:00:00+00,3,1,1,12.63156,,,,,,2010,75950.890625,2185.10267771063
2996,2016,CA,CCO,LAC,OAK FIRE,226396,2016/08/05 00:00:00+00,2016/08/05 00:00:00+00,14,1,1,8.100562,,,,,,2010,48348.55859375,1231.57110210211
2997,2016,CA,CCO,LAC,SPRINGS FIRE,236285,2016/08/15 00:00:00+00,2016/08/15 00:00:00+00,14,1,1,0.1328488,,,,,,2010,797.890625,110.016999673447
2998,2016,CA,CCO,LAC,GORMAN FIRE,254944,2016/09/02 00:00:00+00,2016/09/02 00:00:00+00,14,1,1,4.489233,,,,,,2010,27000.59765625,786.713144019938
2999,2016,CA,CCO,LAC,CALGROVE FIRE,273740,2016/09/20 00:00:00+00,2016/09/20 00:00:00+00,14,1,1,7.824634,,,,,,2010,46573.90234375,1191.89502582574
3000,2016,CA,CCO,LAC,SOLEDAD  FIRE,278851,2016/09/25 00:00:00+00,2016/09/25 00:00:00+00,14,7,1,3.725425,,,,,,2010,22215.4140625,1494.3756501264
3001,2016,CA,CCO,LAC,JOHNSON FIRE,295616,2016/10/11 00:00:00+00,2016/10/11 00:00:00+00,14,7,1,101.4958,,,{F22A52EF-8704-4B95-BF86-F1B8B567EC63},,,2010,608600.41015625,5050.78409284298
3002,2016,CA,CCO,LAC,SESNON FIRE,303335,2016/10/18 00:00:00+00,2016/10/19 00:00:00+00,14,7,1,28.68535,,,,,,2010,170549.94140625,2086.9600299744
3003,2016,CA,CCO,LAC,KAGEL FIRE,303946,2016/10/19 00:00:00+00,2016/10/19 00:00:00+00,14,7,1,61.8065,,,,,,2010,367312.1484375,2847.43061722542
3004,2016,CA,CCO,LAC,NEWELL FIRE,326026,2016/11/09 00:00:00+00,2016/11/09 00:00:00+00,3,7,1,0.5850569,LA Co. inc # 852,,,,,2010,3457.40625,557.148866367015
3005,2016,CA,CCO,LAC,CROSSROADS FIRE,327021,2016/11/10 00:00:00+00,2016/11/10 00:00:00+00,2,7,1,0.9183477,,,,,,2010,5424.52734375,399.440344566748
3006,2016,CA,CCO,LAC,RIDGE FIRE,336072,2016/11/19 00:00:00+00,2016/11/19 00:00:00+00,10,7,1,4.446684,,,,,,2010,26581.14453125,1093.5751724711
3007,2016,CA,CCO,LAC,LIBERTY FIRE,377364,2016/12/29 00:00:00+00,2016/12/29 00:00:00+00,14,7,1,4.798984,,,,,,2010,28409.38671875,1044.93421707647
3177,2016,CA,CCO,LAC,OLD,160799,2016/06/04 00:00:00+00,2016/06/08 00:00:00+00,2,1,1,463.1134,SMNRA inc # 457,,{610D2487-11AF-43B9-B5F5-0540F0639506},,,2010,2742222.0078125,13279.3008735954
3201,2015,CA,CCO,LAC,TUNA,071109,2015/03/13 00:00:00+00,2015/03/13 00:00:00+00,4,1,1,1.204807,,,,,,2010,7119.8671875,499.973783287029
3202,2015,CA,CCO,LAC,WAYSIDE,091465,2015/04/02 00:00:00+00,2015/04/02 00:00:00+00,2,1,1,6.601349,,,,,,2010,39381.73046875,1125.80902219772
3203,2015,CA,CCO,LAC,ZEBRA,122453,2015/05/03 00:00:00+00,2015/05/03 00:00:00+00,14,1,1,10.10341,,,,,,2010,60598.609375,1602.0986289968
3204,2015,CA,CCO,LAC,MUNZ,143984,2015/05/26 00:00:00+00,2015/05/26 00:00:00+00,14,1,1,96.20006,,,,,,2010,577459.23046875,4481.43056065106
3205,2015,CA,CCO,LAC,CASTAIC,162050,2015/06/13 00:00:00+00,2015/06/13 00:00:00+00,14,1,1,31.04365,,,,,,2010,185487.265625,2872.11375596336
3206,2015,CA,CCO,LAC,WIND,146978,2015/05/29 00:00:00+00,2015/05/29 00:00:00+00,2,1,1,6.101388,,,,,,2010,36439.44921875,1181.80348629863
3207,2015,CA,CCO,LAC,FREEWAY,172068,2015/06/23 00:00:00+00,2015/06/23 00:00:00+00,2,1,1,11.55442,,,,,,2010,69095.828125,1296.44214317374
3208,2015,CA,CCO,LAC,POPPY,154023,2015/06/05 00:00:00+00,2015/06/06 00:00:00+00,14,1,1,410.6794,,,{01119DEB-09C6-4C6A-82B5-554D9E58514C},,,2010,2465704.94140625,18023.0112896964
3209,2015,CA,CCO,LAC,RIDGE,178457,2015/06/29 00:00:00+00,2015/06/29 00:00:00+00,14,1,1,9.38639,,,,,,2010,56088.828125,1408.11666262392
3210,2015,CA,CCO,LAC,CALGROVE,173220,2015/06/24 00:00:00+00,2015/06/26 00:00:00+00,14,1,1,364.396,,,{FF72A506-2BE9-4CB8-8B37-2618FAA688C3},,,2010,2169098.6328125,11030.3969388144
3211,2015,CA,CCO,LAC,REMSEN,191687,2015/07/12 00:00:00+00,2015/07/12 00:00:00+00,14,7,1,16.50616,,,,,,2010,98251.66796875,2600.87726894921
3212,2015,CA,CCO,LAC,HOPPER,252223,2015/09/09 00:00:00+00,2015/09/10 00:00:00+00,1,7,1,10.72429,"Initial fire at 1516 hrs, complex at 1602 hr",LAKE COMPLEX,,,00252223,2010,64101.7421875,2630.87712856745
3213,2015,CA,CCO,LAC,FOUR BAY,252223,2015/09/09 00:00:00+00,2015/09/10 00:00:00+00,1,7,1,4.724183,,LAKE COMPLEX,,,00252223,2010,28255,1503.96986406252
3214,2015,CA,CCO,LAC,WAYSIDE,252223,2015/09/09 00:00:00+00,2015/09/10 00:00:00+00,1,1,1,7.424892,Individual INCNUM 252258,LAKE COMPLEX,,,00252223,2010,44297.5703125,2008.56143063485
3215,2015,CA,CCO,LAC,SPUNKY,240921,2015/08/29 00:00:00+00,2015/08/29 00:00:00+00,2,1,1,5.217817,00000077 LPF #,,,00000077,,2010,31228.69921875,1165.52518129375
3216,2015,CA,CCO,LAC,JOHNSON,247713,2015/09/05 00:00:00+00,2015/09/05 00:00:00+00,9,1,1,53.45473,,,,,,2010,320586.859375,3394.11008983116
3217,2015,CA,CCO,LAC,LINCOLN,227348,2015/08/16 00:00:00+00,2015/08/16 00:00:00+00,14,7,1,234.188,,,,,,2010,1383358.328125,10568.461279019
3641,2014,CA,CCO,LAC,PINE  FIRE,065279,2014/03/15 00:00:00+00,2014/03/15 00:00:00+00,10,7,1,117.0455,"dead person at fire, telecom vehicle started fire",,,,,2010,703412.28515625,4964.2452134967
3829,2013,CA,CCO,LAC,BOUQUET,00001331,2013/04/08 00:00:00+00,2013/04/08 00:00:00+00,9,6,1,10.92064, Outside Forest lands,,,,,2010,65171.41796875,1459.79411399308
3830,2013,CA,CCO,LAC,CANYON,00223517,2013/09/13 00:00:00+00,2013/09/13 00:00:00+00,14,1,1,12.73037, ,,,,,2010,75364.5859375,2053.29366976042
3831,2013,CA,CCO,LAC,CANYON,00230689,2013/09/21 00:00:00+00,2013/09/21 00:00:00+00,9,1,1,21.94959, ,,,,,2010,131062.3984375,2131.15663683913
3832,2013,CA,LRA,LAC,CANYON,,2013/08/19 00:00:00+00,2013/08/19 00:00:00+00,14,6,1,1.532762,2013-CASMP- Cause undet but human- this is a homeless camp,,,,,2010,9078.63671875,376.634377410024
3833,2013,CA,CCO,LAC,CASTRO,00000650,2013/07/08 00:00:00+00,2013/07/08 00:00:00+00,2,6,1,0.608927,2013-CASMP-650 cutting tool on steel fenceposts by Kaye contractor,,,,,2010,3601.64453125,288.716562748266
3834,2013,CA,CCO,LAC,CLARITA,00242641,2013/10/05 00:00:00+00,2013/10/05 00:00:00+00,14,1,1,6.421675, ,,,,,2010,38205.94921875,2358.12597247533
3835,2013,CA,CCO,LAC,COLTRANE,00149433,2013/06/22 00:00:00+00,2013/06/22 00:00:00+00,14,1,1,15.10816, ,,,,,2010,89912.44140625,1610.59585896559
3836,2013,CA,USF,LAC,GABRIEL,00003617,2013/07/30 00:00:00+00,2013/08/18 00:00:00+00,2,6,1,3.933502, ,,,,,2010,23348.671875,616.514824146337
3837,2013,CA,CCO,LAC,LAKE,00118144,2013/05/17 00:00:00+00,2013/05/18 00:00:00+00,3,7,1,659.6399, ,,,,,2010,3942097.4296875,13017.7262411911
3838,2013,CA,CCO,LAC,LOWRIDGE,00315713,2013/12/29 00:00:00+00,2013/12/29 00:00:00+00,14,1,1,12.89286, ,,,,,2010,76971.2578125,2046.10977391814
3839,2013,CA,CCO,LAC,MADISON,00126694,2013/05/27 00:00:00+00,2013/05/27 00:00:00+00,2,7,1,5.662212, ,,,,,2010,33774.25390625,912.156426787017
3840,2013,CA,CCO,LAC,MADRE,00232559,2013/09/23 00:00:00+00,2013/09/27 00:00:00+00,5,7,1,209.502,USFS # 004612 called Madra,,,,,2010,1241493.78125,5678.74580091579
3841,2013,CA,CCO,LAC,MAGIC,00127427,2013/05/28 00:00:00+00,2013/05/28 00:00:00+00,2,1,1,145.1069, ,,,,,2010,864912.7421875,7302.05264891994
3842,2013,CA,CCO,LAC,MARPLE,00219426,2013/09/08 00:00:00+00,2013/09/08 00:00:00+00,3,1,1,6.544206, ,,,,,2010,39124.3046875,967.735141330471
3843,2013,CA,LRA,LAC,MAY,00103948,2013/05/01 00:00:00+00,2013/05/01 00:00:00+00,14,1,1,39.12205, ,,,,,2010,235267.25,2678.62404152627
3844,2013,CA,CCO,LAC,OLD TOPANGA,00000232,2013/03/11 00:00:00+00,2013/03/11 00:00:00+00,14,6,1,0.0852045,2013-CASMP-232 ,,,,,2010,504.34375,86.3864796407635
3845,2013,CA,LRA,LAC,SHOOTING,00004140,2013/08/27 00:00:00+00,2013/08/27 00:00:00+00,2,8,1,10.215,LACO # 208086,,,,,2010,60525.33984375,1410.6480495797
3846,2013,CA,CCO,LAC,VIRGENES,00000846,2013/09/18 00:00:00+00,2013/09/19 00:00:00+00,14,6,1,3.633029,2013-CASMP-846 Perim determined from TV news helicopter footage,,,,,2010,21500.41015625,697.3402177885
4187,2012,CA,CCO,LAC,AGUA,00001588,2012/04/08 00:00:00+00,2012/08/04 00:00:00+00,2,6,1,7.086761,NB 14 south of Agua Dulce Canyon Road,,,,,2010,42290.55859375,775.270341350584
4188,2012,CA,CCO,LAC,ALISO FIRE,00001398,2012/01/02 00:00:00+00,2012/01/02 00:00:00+00,2,1,1,12.31213,,,,,,2010,73466.59765625,2066.36026417789
4189,2012,CA,CCO,LAC,BOUQUET,00005329,2012/10/03 00:00:00+00,2012/10/03 00:00:00+00,9,6,1,9.260748,Elizabeth Lake Rd and Bouquet Canyon Rd,,,,,2010,55451.4609375,914.033409827182
4190,2012,CA,CCO,LAC,CASTLE ROCK FIRE,00021069,2012/01/26 00:00:00+00,2012/01/26 00:00:00+00,11,1,1,0.6287549,,,,,,2010,3658.515625,370.371077847368
4191,2012,CA,CCO,LAC,COPCO FIRE,00195835,2012/08/18 00:00:00+00,2012/08/18 00:00:00+00,14,1,1,146.9889,Fed inc # 4462,,,,,2010,883171.91796875,6442.89548547936
4192,2012,CA,CCO,LAC,ESCONDIDO FIRE,00128234,2012/06/01 00:00:00+00,2012/06/01 00:00:00+00,3,1,1,0.393941,,,,,,2010,2352.19921875,221.742662014438
4193,2012,CA,CCO,LAC,FIVE MILE FIRE,00134232,2012/06/08 00:00:00+00,2012/06/08 00:00:00+00,2,7,1,488.7408,,,,,,2010,2921616.58984375,10589.4034060998
4194,2012,CA,LRA,LAC,GLADDING,00005678,2012/10/25 00:00:00+00,,9,1,1,5.810968,,,,,,2010,34636.21484375,954.133690515807
4195,2012,CA,CCO,LAC,HIGHWAY,00002205,2012/05/20 00:00:00+00,,2,6,1,7.48768,1 1/4 SOUTH OF HWY 138 - HILL FIRE NEAR HOUSES,,,,,2010,44994.33203125,901.057260095585
4196,2012,CA,LRA,LAC,HILLSIDE,00003279,2012/07/03 00:00:00+00,2012/03/07 00:00:00+00,9,6,1,47.19527,"37851 MAGNOLIA LN, PLMD",,,,,2010,282436.0546875,2302.3325606172
4197,2012,CA,CCO,LAC,HILLSIDE FIRE,00155974,2012/07/03 00:00:00+00,2012/07/03 00:00:00+00,14,1,1,885.1592,,,,,,2010,5296213.6875,12938.8884474885
4198,2012,CA,CCO,LAC,MARTINEZ FIRE,00032579,2012/02/09 00:00:00+00,2012/02/09 00:00:00+00,14,1,1,4.11401,,,,,,2010,24535.296875,675.26926098329
4199,2012,CA,CCO,LAC,MESA FIRE,00178914,2012/07/30 00:00:00+00,2012/07/30 00:00:00+00,2,1,1,10.90204,,,,,,2010,65113.05078125,1163.61331100234
4200,2012,CA,CCO,LAC,MULHOLLAND,00000979,2012/10/26 00:00:00+00,2012/10/26 00:00:00+00,14,1,1,1.006281,"Old encampment, much glass trash inc # is NPS ",,,,,2010,5978.40492248535,274.092779797681
4201,2012,CA,CCO,LAC,OASIS FIRE,00152881,2012/06/30 00:00:00+00,2012/06/30 00:00:00+00,14,1,1,94.33763,,,,,,2010,562578.16796875,3983.84932534805
4202,2012,CA,LRA,LAC,OLIVEVIEW,00003900,2012/07/24 00:00:00+00,2012/07/25 00:00:00+00,14,1,1,5.262163,,,,,,2010,31305.83984375,836.443098925997
4203,2012,CA,CCO,LAC,RIDGE FIRE,00148572,2012/06/25 00:00:00+00,2012/06/25 00:00:00+00,14,1,1,27.09223,,,,,,2010,162811.02734375,2769.68068480867
4204,2012,CA,CCO,LAC,TEJON,00002999,2012/06/23 00:00:00+00,,9,6,1,13.61068,138 hwy. fort tejon south side of 138 tb 4471 J3,,,,,2010,81196.08203125,1106.5705470494
4205,2012,CA,CCO,LAC,TOVEY FIRE,00179879,2012/07/31 00:00:00+00,2012/07/31 00:00:00+00,14,1,1,71.69716,,,,,,2010,428803.73046875,2897.41943108047
4206,2012,CA,CCO,LAC,TREE FIRE,00108014,2012/05/08 00:00:00+00,2012/05/08 00:00:00+00,14,1,1,126.4701,,,,,,2010,754222.0625,12216.3375804913
4207,2012,CA,CCO,LAC,VANTAGE POINTE FIRE,00052201,2012/03/03 00:00:00+00,2012/03/03 00:00:00+00,14,1,1,0.2644691,,,,,,2010,1559.5390625,247.677435208746
4208,2012,CA,CCO,LAC,VINCENT,00004714,2012/08/30 00:00:00+00,,1,6,1,8.250733,AFH VINCENT ROAD/ 14 FWY,,,,,2010,49288.7578125,1030.2181485238
4519,2011,CA,CCO,LAC,BANNING,00099277,2011/05/02 00:00:00+00,2011/05/02 00:00:00+00,2,7,1,117.999,alt inc # 11099277,,,,,2010,687484.37890625,4315.92378065701
4520,2011,CA,CCO,LAC,CHARLIE,00148165,2011/07/02 00:00:00+00,2011/07/02 00:00:00+00,14,1,1,80.12396, ,,,,,2010,481904.89453125,4222.31498454896
4521,2011,CA,CCO,LAC,COLINA,,2011/07/10 00:00:00+00,2011/07/10 00:00:00+00,9,1,1,0.09397248,Topanga Cyn/21175 Colina Rd NPS 664,,,,,2010,558.335671246052,83.7630764247708
4522,2011,CA,CCO,LAC,EAST,00116101,2011/05/23 00:00:00+00,2011/05/23 00:00:00+00,14,7,1,27.7058, ,,,,,2010,166418.046875,1934.52069421461
4523,2011,CA,CCO,LAC,EAST,00194722,2011/08/27 00:00:00+00,2011/08/27 00:00:00+00,1,1,1,113.5577, ,,,,,2010,681526.0546875,4572.91449350967
4524,2011,CA,CCO,LAC,EMMA,00154862,2011/07/09 00:00:00+00,2011/07/09 00:00:00+00,2,7,1,29.46317,Fed Inc #3282 called Aqua,,,,,2010,175832.125,3314.72479869075
4525,2011,CA,CCO,LAC,ENCINAL,,2011/07/07 00:00:00+00,2011/07/07 00:00:00+00,2,1,1,2.435148,LACO Camp Kilpatrick NPS-651,,,,,2010,14470.3184978962,426.426295100583
4526,2011,CA,CCO,LAC,FOOSE,,2011/08/02 00:00:00+00,2011/08/02 00:00:00+00,9,5,1,0.7461584,"Decker/ 2545 Foose, start in backyard of home NPS 768",,,,,2010,4431.26696026325,235.976572807539
4527,2011,CA,CCO,LAC,HUGHES,00140690,2011/06/23 00:00:00+00,2011/06/23 00:00:00+00,14,7,1,50.53924, ,,,,,2010,301732.30078125,3115.20597173958
4528,2011,CA,CCO,LAC,INDIA,00100116,2011/05/03 00:00:00+00,2011/05/03 00:00:00+00,2,7,1,57.09016, ,,,,,2010,342673.23828125,2751.93947127711
4529,2011,CA,CCO,LAC,LANCASTER,00191875,2011/08/24 00:00:00+00,2011/08/24 00:00:00+00,5,1,1,17.14412, ,,,,,2010,102933.2578125,1914.37756055867
4530,2011,CA,CCO,LAC,LANCASTER,00199843,2011/09/02 00:00:00+00,2011/09/02 00:00:00+00,1,7,1,36.84941, ,,,,,2010,221025.91796875,2955.02229969224
4531,2011,CA,CCO,LAC,LAS VIRGENES,,2011/08/24 00:00:00+00,2011/08/24 00:00:00+00,9,1,1,1.305455,"Las Virgenes/Mullholland, Malibu Creek St Park NPS 850",,,,,2010,7758.60746741295,312.24595575695
4532,2011,CA,CCO,LAC,LIGHTNING,00217140,2011/09/23 00:00:00+00,2011/09/23 00:00:00+00,1,7,1,132.5602, ,,,,,2010,797048.28125,4528.19139409819
4533,2011,CA,CCO,LAC,MALIBU BEACH,00000111,2011/01/14 00:00:00+00,2011/01/14 00:00:00+00,9,1,1,0.09395437,PCH/Malibu Beach RV park,,,,,2010,557.573036432266,83.7058505723618
4534,2011,CA,CCO,LAC,NEENACH,00204886,2011/09/08 00:00:00+00,2011/09/08 00:00:00+00,14,1,1,42.16852,,,,,,2010,253622.87109375,3101.75294407031
4535,2011,CA,CCO,LAC,NORTH,00169456,2011/07/27 00:00:00+00,2011/07/27 00:00:00+00,14,7,1,23.67797,,,,,,2010,142072.39453125,1719.54447672708
4536,2011,CA,CCO,LAC,OASIS,00194624,2011/08/27 00:00:00+00,2011/08/27 00:00:00+00,1,7,1,355.5502,Fed Inc# 4381,,,,,2010,2120391.66015625,11041.1436842462
4537,2011,CA,CCO,LAC,PARK,00217184,2011/09/23 00:00:00+00,2011/09/23 00:00:00+00,14,7,1,82.12325,,,,,,2010,493332.125,4318.13329433762
4538,2011,CA,CCO,LAC,PEAR,00179259,2011/08/08 00:00:00+00,2011/08/08 00:00:00+00,14,7,1,23.38194,,,,,,2010,139721.41796875,2231.02249003858
4539,2011,CA,CCO,LAC,PERKINS,00190520,2011/08/22 00:00:00+00,2011/08/22 00:00:00+00,14,7,1,27.30478,,,,,,2010,163843.27734375,2586.18980110461
4540,2011,CA,CCO,LAC,PIUMA,,2011/10/31 00:00:00+00,2011/10/31 00:00:00+00,10,5,1,0.09396579,Piuma Rd  Mile Marker 4.62 NPS 1071,,,,,2010,558.052534639835,83.7418352611445
4541,2011,CA,CCO,LAC,RANGE,00120055,2011/05/28 00:00:00+00,2011/05/28 00:00:00+00,10,7,1,241.0146,USFS Inc # 2319,,,,,2010,1448829.9453125,8217.35546958081
4542,2011,CA,CCO,LAC,RIVERBED,00140046,2011/06/22 00:00:00+00,2011/06/22 00:00:00+00,14,1,1,108.0505,,,,,,2010,646456.08203125,4998.91101499035
4543,2011,CA,CCO,LAC,SIERRA,00193674,2011/08/26 00:00:00+00,2011/08/26 00:00:00+00,2,1,1,12.05157,,,,,,2010,71989.45703125,1382.6680830408
4544,2011,CA,CCO,LAC,WAGON,00202081,2011/09/05 00:00:00+00,2011/09/05 00:00:00+00,15,7,1,298.8475,BLM inc # 013104 alt inc # 11215258,,,,,2010,1784580.38671875,9208.1118866721
4800,2010,CA,CCO,LAC,MUREAU,NPS597,2010/08/01 00:00:00+00,2010/08/01 00:00:00+00,14,1,1,22.95863,"started freeway edge, presumed human-caused. Accuracy 5m   nps",,,,,2010,136003.14453125,2176.30149227944
4801,2010,CA,CCO,LAC,RIVER,00136462,2010/06/19 00:00:00+00,2010/06/19 00:00:00+00,2,7,1,2.553682, ,,,136462,,2010,15251.33984375,707.348711755395
4802,2010,CA,CCO,LAC,QUAIL,00136678,2010/06/19 00:00:00+00,2010/06/19 00:00:00+00,2,7,1,8.285655, ,,,136678,,2010,49803.12890625,1158.57496813688
4803,2010,CA,CCO,LAC,CALGROVE,00141371,2010/06/25 00:00:00+00,2010/06/25 00:00:00+00,14,7,1,7.456395, ,,,141371,,2010,44367.32421875,1564.48830236595
4804,2010,CA,CCO,LAC,ECHO LAKE,146126,2010/07/01 00:00:00+00,2010/07/10 00:00:00+00,16,7,1,24.08152, ,,,146126,,2010,140215.95703125,1762.92480711827
4805,2010,CA,CCO,LAC,NEENACH,159288,2010/07/17 00:00:00+00,2010/07/17 00:00:00+00,14,1,1,171.4515, ,,,159288,,2010,1030851.23046875,5280.28064912754
4806,2010,CA,CCO,LAC,NEWHALL,00164539,2010/07/23 00:00:00+00,2010/07/23 00:00:00+00,14,7,1,33.81783, ,,,164539,,2010,201309.671875,3190.87472166394
4807,2010,CA,CCO,LAC,LANCASTER,169145,2010/07/29 00:00:00+00,2010/07/29 00:00:00+00,2,7,1,121.6214,,,,169145,,2010,730716.296875,5028.60991519015
4808,2010,CA,CCO,LAC,CROWN,169202,2010/07/29 00:00:00+00,2010/08/02 00:00:00+00,2,7,1,12582.28, ,,,169202,,2010,75287110.4023438,99892.1142996514
4809,2010,CA,CCO,LAC,HASKELL,00177189,2010/08/08 00:00:00+00,2010/08/08 00:00:00+00,3,5,1,44.6334,usfs inc_num 3409,,,177189,,2010,266319.37109375,3746.99001708804
4810,2010,CA,CCO,LAC,OAK,00196654,2010/08/31 00:00:00+00,2010/08/31 00:00:00+00,10,6,1,15.95223, ,,,196654,,2010,95006.46875,1908.85511528109
4811,2010,CA,CCO,LAC,TAMPA,207010,2010/09/13 00:00:00+00,2010/09/13 00:00:00+00,14,7,1,22.84284, ,,,207010,,2010,135794.88671875,1505.58512505027
4812,2010,CA,CCO,LAC,COLIMA,,2010/09/16 00:00:00+00,2010/09/16 00:00:00+00,10,5,1,11.20271, ,,,209528,,2010,66082.6796875,1339.27508400443
4813,2010,CA,CCO,LAC,OLIVE,NPS499,2010/06/28 00:00:00+00,2010/06/28 00:00:00+00,14,4,1,1.121484,identified from GoogleEarth based on detailed description. Accuracy 20m? nps,,,499,,2010,6671.13476872444,289.537479303093
4814,2010,CA,CCO,LAC,LOST,NPS509,2010/07/02 00:00:00+00,2010/07/02 00:00:00+00,2,1,1,19.18518,cause= Las Virgenes MWD weedwhacker. Accuracy 5m by NPS ,,,509,,2010,113589.55859375,1548.87335360193
4815,2010,CA,CCO,LAC,QUEENS,NPS762,2010/09/15 00:00:00+00,2010/09/15 00:00:00+00,14,5,1,4.970605,"Cause= unknown, presumed human. Accuracy 200m by NPS from site description. nps",,,762,,2010,29575.6772108078,609.63835263326
5001,2009,CA,CCO,LAC,TERREBONNE,000059,2009/06/03 00:00:00+00,2009/06/04 00:00:00+00,1,6,1,19.08557,"LAC, ANF",,,000059,,2000,113035.39453125,1661.21633402609
5002,2009,CA,CCO,LAC,CANYON,000109,2009/07/19 00:00:00+00,2009/07/19 00:00:00+00,2,6,1,38.44999, ,,,000109,,2000,229861.43359375,2805.92329036839
5003,2009,CA,USF,LAC,HILLSIDE,000158,2009/09/25 00:00:00+00,2009/09/26 00:00:00+00,14,6,1,96.74557,"LAC, ANF",,,000158,,2000,580169.8046875,4193.74824484198
5004,2009,CA,CCO,LAC,VALLEY,111123,2009/05/18 00:00:00+00,2009/05/18 00:00:00+00,3,7,1,130.8039,,,,111123,,2000,785236.3359375,8231.90349016892
5005,2009,CA,CCO,LAC,GRAVE,119498,2009/05/28 00:00:00+00,2009/05/28 00:00:00+00,14,7,1,262.0889,,,,119498,,2000,1571855.53515625,6644.86405017172
5006,2009,CA,CCO,LAC,G,124883,2009/06/04 00:00:00+00,2009/06/04 00:00:00+00,14,7,1,215.0833,,,,124883,,2000,1291989.64453125,12354.7226401133
5007,2009,CA,CCO,LAC,PARK,000427,2009/07/14 00:00:00+00,2009/07/14 00:00:00+00,8,1,1,1.502962,"kids started grassfire. Ground GPS by NPS, accuracy 10m",,,13,,2000,8934.58326983452,335.07514061929
5008,2009,CA,CCO,LAC,STATE PARK,144299,2009/06/28 00:00:00+00,2009/06/29 00:00:00+00,14,7,1,141.5527,,,,144299,,2000,851431.81640625,5270.82969999475
5009,2009,CA,CCO,LAC,GOLF,155653,2009/07/11 00:00:00+00,2009/07/11 00:00:00+00,14,7,1,88.33082,,,,155653,,2000,530483.07421875,3301.19336201053
5010,2009,CA,CCO,LAC,MARSHALL,156681,2009/07/12 00:00:00+00,2009/07/12 00:00:00+00,14,1,1,14.13487,,,,156681,,2000,83724.91796875,2524.25707741311
5011,2009,CA,CCO,LAC,SLOAN,160829,2009/07/17 00:00:00+00,2009/07/17 00:00:00+00,10,7,1,81.81142,,,,160829,,2000,488611.8671875,5258.0579915046
5012,2009,CA,CCO,LAC,PV,194372,2009/08/27 00:00:00+00,2009/08/28 00:00:00+00,11,7,1,234.2768,,,,194372,,2000,1374980.1484375,8423.82123243287
5013,2009,CA,CCO,LAC,DIAMOND,250651,2009/11/03 00:00:00+00,2009/11/04 00:00:00+00,10,7,1,155.2837,,,,250651,,2000,917125.0390625,9153.25483766503
5014,2009,CA,CCO,LAC,MT ST MARYS,000426,2009/07/08 00:00:00+00,2009/07/08 00:00:00+00,2,5,1,35.07367,"1244hr weed clearance ignit, accuracy 20m from oblique air photo",,,8,,2000,207474.70703125,2833.72445613219
5015,2009,CA,CCO,LAC,ROMDELL,000505,2009/08/22 00:00:00+00,2009/08/22 00:00:00+00,14,6,1,5.428401,"ignit unkn, lt grass+mustard, calm, terrain driven, flames 2-3ft, accuracy 20m",,,9,,2000,32154.81640625,839.891315100983
5166,2009,CA,CCO,LAC,EE RANCH,,2009/05/09 00:00:00+00,2009/05/09 00:00:00+00,2,5,1,6.031826,Caused by weedwhacker,,,6,,2000,35720.20703125,911.773453441359
5227,2008,CA,CCO,LAC,LOST,193741,2008/08/26 00:00:00+00,2008/08/26 00:00:00+00,8,7,1,167.1212,Fire started on an established trail. Presume human caused. ,,,193741,,2000,989520.03125,7768.83970663695
5228,2008,CA,CCO,LAC,D,202679,2008/09/06 00:00:00+00,,,7,,64.27667,,,,202679,,2000,386481.94140625,4596.91894007937
5229,2008,CA,CCO,LAC,SESNON,231953,2008/10/13 00:00:00+00,,,7,,14701.31,,,,231953,,2000,87409322.4921875,92236.6934473669
5230,2008,CA,CCO,LAC,STORRS,110146,2008/05/16 00:00:00+00,,,7,,81.80362,,,,110146,,2000,483370.859375,3280.41718616368
5354,2008,CA,CCO,LAC,WESTLAKE,,2008/05/01 00:00:00+00,2008/05/01 00:00:00+00,14,1,1,0.310683,"Unknown, presumed human cause by road. Ground GPS by NPS. Perim=circle 0.3ac",,,11,,2000,1847.01292955875,152.349102398046
5355,2008,CA,CCO,LAC,MULHOLLAND,,2008/01/17 00:00:00+00,2008/01/17 00:00:00+00,14,1,1,0.09403633,"Unknown, presumed human cause by road. Ground GPS by NPS. Perim=circle 0.1ac",,,12,,2000,558.822930693626,83.7996184617152
5356,2008,CA,CCO,LAC,TRIUNFO,,2008/06/04 00:00:00+00,2008/06/04 00:00:00+00,14,8,1,0.4853166,Unknown presumed human ignition. 2 small spotfires unmapped. Perim=circle 0.5ac,,,13,,2000,2885.52104699612,190.421970609564
5357,2008,CA,CCO,LAC,TOPANGA,,2008/08/26 00:00:00+00,2008/08/26 00:00:00+00,10,8,1,1.006243,"vehicle fire into brush, perim=circle 1.0ac",,,14,,2000,5973.39688611031,273.977953669736
5358,2008,CA,CCO,LAC,KANAN,,2008/09/27 00:00:00+00,2008/09/27 00:00:00+00,14,8,1,2.019844,"Unknown, presumed human cause by road. Perim=circle 2.0ac",,,15,,2000,11995.1416695118,388.246565713751
5606,2007,CA,CCO,LAC,OCTOBER,00246393,2007/10/21 00:00:00+00,2007/10/23 00:00:00+00,14,8,1,25.73671,,,,00233414,,2000,153290.078125,2305.25840789102
5607,2007,CA,CCO,LAC,MAGIC,00233077,2007/10/22 00:00:00+00,2007/10/25 00:00:00+00,14,8,1,2824.877,,,,00233077,,2000,16834546.8476562,24761.5896440095
5609,2007,CA,CCO,LAC,EMMA,00201384,2007/09/11 00:00:00+00,2007/09/11 00:00:00+00,14,8,1,172.215,,,,00201384,,2000,1028760.890625,7431.46791380948
5610,2007,CA,CCO,LAC,CORRAL,00259483,2007/11/24 00:00:00+00,2007/11/27 00:00:00+00,14,8,1,4707.997,,,,00259483,,2000,27826958.3789062,27685.171836133
5611,2007,CA,CCO,LAC,GORMAN,00109398,2007/05/19 00:00:00+00,2007/05/22 00:00:00+00,14,8,1,2373.845,,,,00109398,,2000,14266522.2382812,24006.6815147438
5612,2007,CA,CCO,LAC,WEST,00148311,2007/07/07 00:00:00+00,2007/07/08 00:00:00+00,14,8,1,245.234,,,,00148311,,2000,1474671.3984375,7170.58390706338
5613,2007,CA,CCO,LAC,PEARBLOSSOM,00177427,2007/08/13 00:00:00+00,2007/08/14 00:00:00+00,14,8,1,81.0335,,,,00177427,,2000,484113.8125,5011.16501914232
5614,2007,CA,CCO,LAC,SKYLINE,00183643,2007/08/21 00:00:00+00,2007/08/23 00:00:00+00,14,8,1,95.41856,,,,00183643,,2000,563161.4453125,4332.95259919261
5615,2007,CA,CCO,LAC,SESNON,00231876,2007/10/21 00:00:00+00,2007/10/21 00:00:00+00,14,8,1,30.30142,,,,00231876,,2000,180152.71875,2032.10677887701
5616,2007,CA,CCO,LAC,SOLEDAD,00233414,2007/10/22 00:00:00+00,2007/10/23 00:00:00+00,14,8,1,44.16777,,,,00233414,,2000,263363.33203125,2494.11180001473
5617,2007,CA,CCO,LAC,Y,00233912,2007/10/23 00:00:00+00,,14,,1,22.49173,,,,00233912,,2000,134216.59765625,2016.15607241837
5627,2007,CA,CCO,LAC,PEARBLOSSOM,00080271,2007/04/12 00:00:00+00,2007/04/13 00:00:00+00,14,8,1,77.80277,,,,00080271,,2000,464902.3046875,6286.10996821588
5628,2007,CA,CCO,LAC,ISLAND,00102481,2007/05/10 00:00:00+00,2007/05/17 00:00:00+00,14,8,1,4722.966,,,,00102481,,2000,27470950.1757812,36823.8808184177
5629,2007,CA,CCO,LAC,CANYON,00148415,2007/07/07 00:00:00+00,,14,,1,743.4799,,,,00148415,,2000,4437599.67578125,14944.9189727201
5630,2007,CA,CCO,LAC,FAIRMONT,00193853,2007/09/01 00:00:00+00,2007/09/08 00:00:00+00,14,8,1,211.6219,,,,00193853,,2000,1269857.5234375,5769.21304747602
5634,2007,CA,CCO,LAC,MEADOW RIDGE,00233523,2007/10/23 00:00:00+00,2007/10/25 00:00:00+00,14,8,1,39.10847,,,,00233523,,2000,232823.73828125,4091.65286380833
5651,2007,CA,LRA,LAC,GRIFFITH PARK,00000000,2007/05/08 00:00:00+00,,3,7,1,747.8984,NPS from BARC imagery and air photo interp. Presumed accuracy 30m,,,00000002,,2000,4427910.23828125,15010.920327604
5652,2007,CA,LRA,LAC,BARHAM,00000000,2007/03/30 00:00:00+00,2007/03/31 00:00:00+00,8,7,1,224.3276,"NPS from BARC, air photo interp. Presumed accuracy 30m. Suppress by LA City?",,,00000001,,2000,1328555.58984375,6131.23939583745
5657,2007,CA,CCO,LAC,TRIUNFO,00000313,2007/05/09 00:00:00+00,2007/05/09 00:00:00+00,9,8,1,0.3089809,"NPS from unkn source. Presumed accuracy 30m, cause unkn, presumed human",,,00000313,,2000,1829.23828125,151.80817231436
5669,2007,CA,LRA,LAC,GRIFFITH PARK,00000000,2007/08/14 00:00:00+00,2007/08/14 00:00:00+00,14,5,1,4.961969,"perim = 5ac circle, by NPS, from oblique air photo. Cause unknown",,,00000003,,2000,29371.53515625,607.790258732503
5670,2007,CA,CCO,LAC,AGOURA,00000420,2007/06/21 00:00:00+00,2007/06/21 00:00:00+00,9,1,1,0.8084014,"NPS by ground GPS. Accuracy 20m. cause = ukn, presumed human",,,00000420,,2000,4787.4375,392.491296947771
5671,2007,CA,CCO,LAC,KANAN,00000457,2007/07/03 00:00:00+00,2007/07/03 00:00:00+00,2,1,1,0.5139439,NPS by ground GPS. Accuracy 20m. presumed cause = weed abatement,,,00000457,,2000,3042.2421875,244.790085181833
5672,2007,CA,CCO,LAC,FLORES,00000535,2007/08/05 00:00:00+00,2007/08/05 00:00:00+00,10,1,1,0.09350429,"NPS by ground GPS. Cause = vehicle fire, accuracy 10m",,,00000535,,2000,552.8125,83.4544081479223
5673,2007,CA,CCO,LAC,AGOURA 2,00000677,2007/10/07 00:00:00+00,2007/10/07 00:00:00+00,7,1,1,2.014412,"NPS by ground GPS. arson suspected, accuracy 20m",,,00000677,,2000,11930.51171875,387.451963204286
5674,2007,CA,CCO,LAC,VIRGENES,00000717,2007/11/03 00:00:00+00,2007/11/03 00:00:00+00,9,7,1,0.01678047,"Cause unkn, presumed human, NPS by driveby recon, presumed accuracy 90m",,,00000717,,2000,99.37890625,35.3861382537816
5720,2007,CA,CDF,LAC,NORTH,00000129,2007/09/02 00:00:00+00,2007/09/02 00:00:00+00,1,8,1,2122.343,,,,00000129,,2000,12651429.6171875,19154.0742605486
5867,2007,CA,CCO,LAC,BUCKWEED,00000167,2007/10/21 00:00:00+00,2007/10/21 00:00:00+00,8,2,1,38347.47,LACo # 232185,,,00000167,,2000,229093053.527344,113267.992876298
5934,2007,CA,NPS,LAC,LATIGO CANYON,00000285,2007/04/26 00:00:00+00,2007/04/26 00:00:00+00,9,8,1,0.09348453,"NPS from unkn source. Presumed accuracy 30m, cause unkn, presumed human",,,00000285,,2000,552.44921875,83.4273857600336
5944,2007,CA,NPS,LAC,LATIGO,00000350,2007/05/23 00:00:00+00,2007/05/23 00:00:00+00,2,1,1,0.197764,NPS by ground GPS. Accuracy 10m. cause = welding torch,,,00000350,,2000,1168.8125,121.347626738322
5987,2006,CA,CCO,LAC,POPPY FIRE,00184014,2006/08/25 00:00:00+00,2006/08/25 00:00:00+00,14,1,1,372.1154,,,,00184014,,2000,2233987.40234375,8682.35126655584
5988,2006,CA,CCO,LAC,HWY 138 & 300 WEST FIRE,00158182,2006/07/23 00:00:00+00,2006/07/23 00:00:00+00,14,1,1,192.6109,,,,00158182,,2000,1158290.4921875,9965.15199509604
6011,2006,CA,CCO,LAC,EMPIRE,00157696,2006/07/22 00:00:00+00,2006/07/25 00:00:00+00,14,7,1,1063.158,,,,00157696,,2000,6190967.453125,17788.7223298357
6012,2006,CA,CCO,LAC,QUAIL FIRE,00174794,2006/08/13 00:00:00+00,2006/08/17 00:00:00+00,14,7,1,4769.777,,,,00174794,,2000,28697945.1601562,38442.5364107104
6013,2006,CA,CCO,LAC,HIGHLAND FIRE,00157141,2006/07/22 00:00:00+00,2006/07/22 00:00:00+00,14,7,1,145.7828,,,,00157141,,2000,869486.109375,6552.20716088164
6060,2006,CA,CCO,LAC,JOHNSON ROAD FIRE,00175756,2006/07/18 00:00:00+00,2006/07/18 00:00:00+00,14,1,1,110.6591,,,,00175756,,2000,663497.1953125,3283.14827633956
6061,2006,CA,CCO,LAC,CROSS FIRE,06186247,2006/08/28 00:00:00+00,2006/08/31 00:00:00+00,14,8,1,664.7448,,,,00000193,,2000,3959033.1953125,15863.2549776135
6144,2006,CA,CCO,LAC,LATIGO,00029215,2006/02/08 00:00:00+00,2006/02/09 00:00:00+00,10,1,1,36.62501,"Latigo Fire, cause = stolen car lit on fire and abandoned",,,00029215,,2000,216606.5234375,4464.85547556258
6301,2005,CA,CCO,LAC,TOVEY,05141999,2005/07/05 00:00:00+00,2005/07/08 00:00:00+00,14,1,1,983.473,,,,05141999,,2000,5879855.3125,17471.3743286342
6531,2005,CA,CCO,LAC,D,00134950,2005/06/27 00:00:00+00,2005/06/28 00:00:00+00,14,8,1,147.3097,,,,00000000,,2000,885478.87890625,7899.66595916023
6532,2005,CA,CCO,LAC,TOPANGA,00208724,2005/09/28 00:00:00+00,2005/10/10 00:00:00+00,14,8,1,23396.39,,,,00000000,,2000,138815034.363281,168301.368837307
6538,2005,CA,CCO,LAC,SIERRA,00149034,2005/07/13 00:00:00+00,2005/04/14 00:00:00+00,8,8,1,364.3786,,,,00000000,,2000,2176595.1484375,11994.7678114112
6539,2005,CA,CCO,LAC,SAN CLEMENTE,00148153,2005/07/13 00:00:00+00,2005/07/13 00:00:00+00,14,8,1,179.3562,,,,00000000,,2000,1052707.66015625,7377.70727483942
6540,2005,CA,CCO,LAC,RANGE,00153000,2005/07/19 00:00:00+00,2005/07/19 00:00:00+00,7,8,1,238.9379,,,,00000000,,2000,1432929.796875,6491.05678471748
6541,2005,CA,CCO,LAC,QUINN,00163678,2005/08/01 00:00:00+00,2005/08/01 00:00:00+00,2,8,1,135.9906,,,,00000000,,2000,811177.48046875,5069.69834147731
6542,2005,CA,CCO,LAC,QUARTZ,00142171,2005/07/06 00:00:00+00,2005/07/06 00:00:00+00,14,8,1,127.2757,,,,00000000,,2000,763276.2109375,4892.63996561993
6543,2005,CA,CCO,LAC,GORMAN,00189367,2005/09/03 00:00:00+00,2005/09/06 00:00:00+00,14,8,1,2515.941,,,,00000000,,2000,15139227.9453125,25755.7111390024
6544,2005,CA,CCO,LAC,PALMDALE,00138081,2005/07/01 00:00:00+00,2005/07/01 00:00:00+00,7,8,1,140.4415,,,,00000000,,2000,840639.703125,4439.38616563015
6545,2005,CA,CCO,LAC,OAK,00133371,2005/06/25 00:00:00+00,2005/06/25 00:00:00+00,2,8,1,133.6879,,,,00000000,,2000,798078.8203125,6832.66509859933
6546,2005,CA,CCO,LAC,MUNZ,00134919,2005/06/27 00:00:00+00,2005/06/28 00:00:00+00,7,8,1,1183.535,,,,00000000,,2000,7101765.7265625,22936.3675586531
6587,2004,CA,CCO,LAC,MUNZ,00183690,2004/09/05 00:00:00+00,2004/09/06 00:00:00+00,7,6,1,267.4607,,,,00183690,,2000,1603892.9609375,8611.71809289154
6588,2004,CA,CCO,LAC,FOOTHILL,00146068,2004/07/17 00:00:00+00,2004/07/25 00:00:00+00,7,6,1,5969.518,,,,00146068,,2000,35544462.125,48433.9643936273
6590,2004,CA,CCO,LAC,WAYSIDE,00090871,2004/05/03 00:00:00+00,2004/05/04 00:00:00+00,9,6,1,90.6327,,,,00090871,,2000,540784.453125,5679.53092976618
6591,2004,CA,CCO,LAC,PINE,00142168,2004/07/12 00:00:00+00,2004/07/23 00:00:00+00,9,6,1,16271.65,,,,00142168,,2000,97749222.6523438,111607.95097265
6974,2003,CA,CCO,LAC,PACIFIC,00004293,2003/01/06 00:00:00+00,2003/01/10 00:00:00+00,13,1,1,805.6346,,,,00004293,,2000,4760533.16796875,35569.1918088195
6975,2003,CA,CCO,LAC,AIRPORT,00004054,2003/01/06 00:00:00+00,2003/01/06 00:00:00+00,13,7,1,142.8408,,,,00004054,,2000,831471.82421875,7375.82560968192
6976,2003,CA,CCO,LAC,WEST,00113933,2003/06/06 00:00:00+00,2003/06/06 00:00:00+00,11,6,1,110.5337,,,,00113933,,2000,663503.02734375,5689.49880901461
6977,2003,CA,CCO,LAC,DULCE,00136159,2003/07/05 00:00:00+00,2003/07/05 00:00:00+00,8,1,1,151.5897,,,,00136159,,2000,904821.34375,5365.40635255137
6978,2003,CA,CCO,LAC,SAGE,00181907,2003/09/02 00:00:00+00,2003/09/02 00:00:00+00,11,6,1,21.87809,,,,00181907,,2000,130702.5859375,2199.14989731196
6979,2003,CA,CCO,LAC,HAUSER,00150988,2003/07/24 00:00:00+00,2003/07/27 00:00:00+00,11,7,1,2038.864,,,,00150988,,2000,12196543.0351562,23554.6751830322
6980,2003,CA,CCO,LAC,LOS ALAMOS,00174407,2003/08/23 00:00:00+00,2003/08/23 00:00:00+00,16,6,1,302.7944,,,,00174407,,2000,1817456.5625,8178.17761541126
6981,2003,CA,CCO,LAC,GORMAN,00200343,2003/09/27 00:00:00+00,2003/09/27 00:00:00+00,16,6,1,175.1584,,,,00200343,,2000,1053417.1953125,6074.02341145634
6982,2003,CA,CCO,LAC,AQUEDUCT,00211757,2003/10/13 00:00:00+00,2003/10/13 00:00:00+00,2,7,1,356.0853,,,,00211757,,2000,2140447.26171875,9435.83192491982
7069,2003,CA,CCO,LAC,VERDALE,00220027,2003/10/24 00:00:00+00,2003/10/28 00:00:00+00,16,7,1,8474.283,,,,00220027,,2000,50526532.9335938,50843.3448644878
7070,2003,CA,CCO,LAC,WILDWOOD,00217933,2003/10/21 00:00:00+00,2003/10/21 00:00:00+00,3,7,1,68.41597,,,,00217933,,2000,405757.80078125,3158.03743400019
7361,2002,CA,CCO,LAC,FREEWAY FIRE I,00153545,2002/07/09 00:00:00+00,2002/07/09 00:00:00+00,7,6,1,64.8705,,,,00153545,,2000,386159.23046875,5259.46068033552
7362,2002,CA,CCO,LAC,PLACERITA FIRE,00137505,2002/07/08 00:00:00+00,2002/07/08 00:00:00+00,7,7,1,358.8925,,,,00137505,,2000,2137673.9375,13909.7060333086
7363,2002,CA,CCO,LAC,COPCO FIRE,00001949,2002/06/18 00:00:00+00,2002/06/20 00:00:00+00,14,7,1,1404.16,,,,00001949,,2000,8435124.25390625,15282.2212507891
7364,2002,CA,CCO,LAC,COPPER FIRE,00112310,2002/06/05 00:00:00+00,2002/06/12 00:00:00+00,2,7,1,19101.64,,,,00112310,,2000,114250021.636719,97960.4534721797
7366,2002,CA,CCO,LAC,CHERRY FIRE,00172482,2002/08/25 00:00:00+00,2002/08/25 00:00:00+00,14,6,1,159.3011,,,,00172482,,2000,953560.48046875,5672.70769406322
7367,2002,CA,CCO,LAC,FREEWAY FIRE II,00177557,2002/09/01 00:00:00+00,2002/09/03 00:00:00+00,7,6,1,1028.471,,,,00177557,,2000,6148273.65625,17099.3513829266
7368,2002,CA,CCO,LAC,SHANNON FIRE,00102688,2002/05/23 00:00:00+00,2002/05/23 00:00:00+00,14,7,1,298.9299,,,,00102688,,2000,1786884.8828125,6990.02564131324
7369,2002,CA,CCO,LAC,RIDGE FIRE,00111675,2002/06/04 00:00:00+00,2002/06/04 00:00:00+00,7,6,1,118.3375,,,,00111675,,2000,707068.14453125,5796.44940025007
7370,2002,CA,CCO,LAC,BURLWOOD,00101874,2002/05/22 00:00:00+00,2002/05/22 00:00:00+00,7,1,1,66.40936,,,,00101874,,2000,396360.2734375,4315.61138073755
7371,2002,CA,CCO,LAC,OASIS FIRE,00187107,2002/09/14 00:00:00+00,2002/09/14 00:00:00+00,7,2,1,1151.388,,,,00187107,,2000,6870329.41015625,20642.7657311608
7372,2002,CA,CCO,LAC,CAMBRIDGE,00201324,2002/10/08 00:00:00+00,2002/10/08 00:00:00+00,14,6,1,108.0377,,,,00201324,,2000,644749.765625,5426.339137702
7373,2002,CA,CCO,LAC,QUARRY FIRE,00180003,2002/09/04 00:00:00+00,2002/09/04 00:00:00+00,14,6,1,81.99478,,,,00180003,,2000,488971.18359375,5284.57146944283
7377,2002,CA,CCO,LAC,MOUNTAIN FIRE,00009902,2002/09/09 00:00:00+00,2002/09/11 00:00:00+00,14,1,1,749.0938,,,,00009902,,2000,4442023.3203125,10393.0244878887
7484,2001,CA,CCO,LAC,SLOAN FIRE,00001170,2001/08/27 00:00:00+00,,14,,1,1788.64,,,,00052400,,2000,10683789.8789062,23862.3423843439
7485,2001,CA,CCO,LAC,STABLES FIRE,00000002,2001/10/12 00:00:00+00,,14,,1,6401.868,,,,00099200,,2000,38231266.6953125,56751.1726925356
7598,2001,CA,CCO,LAC,GLENDORA FIRE,00001139,2001/07/15 00:00:00+00,,14,,1,36.24531,,,,00000900,,2000,214751.8203125,2315.55345206774
7599,2001,CA,CCO,LAC,TEMPLIN FIRE,00001167,2001/08/24 00:00:00+00,,14,,1,52.0729,,,,00088800,,2000,311290.26171875,2888.61742067633
7600,2001,CA,CCO,LAC,BOUQUET FIRE,00001133,2001/07/07 00:00:00+00,,14,,1,194.0872,,,,00085600,,2000,1158506.3984375,7824.83643756723
7661,2000,CA,CCO,LAC,YUCCA,00001623,2000/09/13 00:00:00+00,,14,,1,788.8675,,,,00092000,,2000,4712729.17578125,17420.6072703588
7662,2000,CA,CCO,LAC,WEST,00001366,2000/08/04 00:00:00+00,,14,,1,121.432,,,,00006000,,2000,723453.93359375,4792.32017422496
7699,2000,CA,CCO,LAC,ORCAS,00001864,2000/10/22 00:00:00+00,,14,,1,35.4088,,,,00059000,,2000,210400.80078125,2176.73696007717
7700,2000,CA,CCO,LAC,BURKE,00002298,2000/02/25 00:00:00+00,,14,,1,171.8867,,,,00042000,,2000,1025806.69921875,5448.24117585532
7782,2000,CA,CCO,LAC,LAKE,00001261,2000/07/19 00:00:00+00,,14,,1,73.86954,,,,00003000,,2000,443022.62109375,3120.04205741338
7784,2000,CA,CCO,LAC,DRY,00000975,2000/06/06 00:00:00+00,,14,,1,253.3635,,,,00013000,,2000,1515426.56640625,5046.69473689221
7816,2000,CA,CCO,LAC,CALABASAS,00001008,2000/06/11 00:00:00+00,2000/06/12 00:00:00+00,14,5,1,1024.243,,,,00045000,,2000,6072928.26171875,12488.2458617427
