0,DATE,D0,D1,D2,D3,D4,-9,W0,W1,W2,W3,W4
0,d_18950101,0,0,0,0,0,100,0,0,0,0,0
0,d_18950201,0,0,0,0,0,100,0,0,0,0,0
0,d_18950301,0,0,0,0,0,100,0,0,0,0,0
0,d_18950401,0,0,0,0,0,100,0,0,0,0,0
0,d_18950501,0,0,0,0,0,100,0,0,0,0,0
0,d_18950601,0,0,0,0,0,100,0,0,0,0,0
0,d_18950701,0,0,0,0,0,100,0,0,0,0,0
0,d_18950801,0,0,0,0,0,100,0,0,0,0,0
2.2,d_18950901,0,0,0,0,0,0,97.9,2.3,0,0,0
98.2,d_18951001,0,0,0,0,0,0,1.8,0,0,0,0
100,d_18951101,0,0,0,0,0,0,0,0,0,0,0
33.6,d_18951201,66.4,1.5,0,0,0,0,0,0,0,0,0
93.5,d_18960101,6.5,0,0,0,0,0,0,0,0,0,0
0,d_18960201,100,73.2,0.8,0,0,0,0,0,0,0,0
57.2,d_18960301,42.8,0,0,0,0,0,0,0,0,0,0
46.5,d_18960401,53.5,0.8,0,0,0,0,0,0,0,0,0
38.8,d_18960501,61.2,4.3,0,0,0,0,0,0,0,0,0
44.3,d_18960601,55.8,1.7,0,0,0,0,0,0,0,0,0
25.3,d_18960701,74.7,1.8,0,0,0,0,0,0,0,0,0
40.1,d_18960801,59.9,0.5,0,0,0,0,0,0,0,0,0
100,d_18960901,0,0,0,0,0,0,0,0,0,0,0
100,d_18961001,0,0,0,0,0,0,0,0,0,0,0
0,d_18961101,0,0,0,0,0,0,100,69.9,0,0,0
96,d_18961201,0,0,0,0,0,0,4,0,0,0,0
72.1,d_18970101,0,0,0,0,0,0,27.9,0,0,0,0
0.2,d_18970201,0,0,0,0,0,0,99.8,1,0,0,0
0,d_18970301,0,0,0,0,0,0,100,2.8,0,0,0
59.7,d_18970401,0,0,0,0,0,0,40.3,0,0,0,0
83.8,d_18970501,0,0,0,0,0,0,16.2,0,0,0,0
81.3,d_18970601,0,0,0,0,0,0,18.7,0,0,0,0
100,d_18970701,0,0,0,0,0,0,0,0,0,0,0
99.5,d_18970801,0,0,0,0,0,0,0.5,0,0,0,0
73.2,d_18970901,0,0,0,0,0,0,26.8,0,0,0,0
3.4,d_18971001,0,0,0,0,0,0,96.6,15.3,0,0,0
98.7,d_18971101,0,0,0,0,0,0,1.3,0,0,0,0
20.3,d_18971201,79.7,31.7,0.1,0,0,0,0,0,0,0,0
53.7,d_18980101,46.2,14.9,0,0,0,0,0,0,0,0,0
0,d_18980201,100,74.3,7.4,0,0,0,0,0,0,0,0
0,d_18980301,100,96.9,20.5,0.9,0,0,0,0,0,0,0
0,d_18980401,99.9,98.9,34.1,5.6,0,0,0,0,0,0,0
0,d_18980501,100,90.7,11.3,0,0,0,0,0,0,0,0
0,d_18980601,100.1,96.7,13.5,0,0,0,0,0,0,0,0
0,d_18980701,100,100,100,30.8,0,0,0,0,0,0,0
0,d_18980801,100,100,60,0.7,0,0,0,0,0,0,0
0,d_18980901,100,81.9,0,0,0,0,0,0,0,0,0
0,d_18981001,100,95,0,0,0,0,0,0,0,0,0
0,d_18981101,100,98.9,0,0,0,0,0,0,0,0,0
0,d_18981201,100,97.8,0.5,0,0,0,0,0,0,0,0
3,d_18990101,97,21.4,0,0,0,0,0,0,0,0,0
0,d_18990201,100,100,97.5,86.6,2.6,0,0,0,0,0,0
0,d_18990301,100,100,96.8,9.2,0,0,0,0,0,0,0
0,d_18990401,100,100,99,58.6,1.2,0,0,0,0,0,0
0,d_18990501,99.9,99.9,98.9,84,3.2,0,0,0,0,0,0
0,d_18990601,100,100,99,68.4,0,0,0,0,0,0,0
0,d_18990701,100,100,97,39,0,0,0,0,0,0,0
0,d_18990801,100,100,34,0,0,0,0,0,0,0,0
0,d_18990901,100,69.8,0,0,0,0,0,0,0,0,0
0.2,d_18991001,99.9,22.7,0,0,0,0,0,0,0,0,0
100,d_18991101,0,0,0,0,0,0,0,0,0,0,0
90,d_18991201,10,0,0,0,0,0,0,0,0,0,0
81.5,d_19000101,18.5,0,0,0,0,0,0,0,0,0,0
0,d_19000201,100,99,0,0,0,0,0,0,0,0,0
0,d_19000301,100,100,46.1,0,0,0,0,0,0,0,0
0,d_19000401,100,100,48.4,0,0,0,0,0,0,0,0
0,d_19000501,100,99,0,0,0,0,0,0,0,0,0
0,d_19000601,100,99,0,0,0,0,0,0,0,0,0
0,d_19000701,100,99,17.8,0,0,0,0,0,0,0,0
0,d_19000801,100,99.4,22.5,0,0,0,0,0,0,0,0
0,d_19000901,100,96.7,0,0,0,0,0,0,0,0,0
0,d_19001001,100,71.5,0,0,0,0,0,0,0,0,0
0,d_19001101,0,0,0,0,0,0,100,100,1.7,0,0
0,d_19001201,0,0,0,0,0,0,100,73.3,0,0,0
0,d_19010101,0,0,0,0,0,0,100,36.9,0,0,0
13.7,d_19010201,0,0,0,0,0,0,86.3,0,0,0,0
100,d_19010301,0,0,0,0,0,0,0,0,0,0,0
100,d_19010401,0,0,0,0,0,0,0,0,0,0,0
100,d_19010501,0,0,0,0,0,0,0,0,0,0,0
100,d_19010601,0,0,0,0,0,0,0,0,0,0,0
100,d_19010701,0,0,0,0,0,0,0,0,0,0,0
96.5,d_19010801,3.5,0,0,0,0,0,0,0,0,0,0
100,d_19010901,0,0,0,0,0,0,0,0,0,0,0
100,d_19011001,0,0,0,0,0,0,0,0,0,0,0
98.3,d_19011101,1.7,0,0,0,0,0,0,0,0,0,0
96.1,d_19011201,3.9,0.1,0,0,0,0,0,0,0,0,0
64.5,d_19020101,35.5,0,0,0,0,0,0,0,0,0,0
32.8,d_19020201,67.2,2.6,0,0,0,0,0,0,0,0,0
98.7,d_19020301,1.3,0,0,0,0,0,0,0,0,0,0
66.9,d_19020401,33.1,0,0,0,0,0,0,0,0,0,0
36.9,d_19020501,63.1,0,0,0,0,0,0,0,0,0,0
30.7,d_19020601,69.3,0,0,0,0,0,0,0,0,0,0
0,d_19020701,100,91.7,0,0,0,0,0,0,0,0,0
0,d_19020801,100,9.6,0,0,0,0,0,0,0,0,0
100,d_19020901,0,0,0,0,0,0,0,0,0,0,0
100,d_19021001,0,0,0,0,0,0,0,0,0,0,0
100,d_19021101,0,0,0,0,0,0,0,0,0,0,0
99,d_19021201,0,0,0,0,0,0,1,0,0,0,0
99.8,d_19030101,0.2,0,0,0,0,0,0,0,0,0,0
41.8,d_19030201,58.2,0,0,0,0,0,0,0,0,0,0
98.8,d_19030301,0,0,0,0,0,0,1.2,0,0,0,0
32.2,d_19030401,0,0,0,0,0,0,67.8,1.1,0,0,0
45,d_19030501,0,0,0,0,0,0,55,0.5,0,0,0
39.7,d_19030601,0,0,0,0,0,0,60.3,0.9,0,0,0
25.1,d_19030701,0,0,0,0,0,0,74.9,2.2,0,0,0
53.5,d_19030801,0,0,0,0,0,0,46.5,0,0,0,0
45.5,d_19030901,0,0,0,0,0,0,54.5,0,0,0,0
1.4,d_19031001,0,0,0,0,0,0,98.6,52.6,0,0,0
0,d_19031101,0,0,0,0,0,0,100,95.6,34.8,0,0
20.7,d_19031201,79.3,16.7,0,0,0,0,0,0,0,0,0
0,d_19040101,100,100,100,100,100,0,0,0,0,0,0
0,d_19040201,100,100,100,100,26.2,0,0,0,0,0,0
0,d_19040301,100,100,1,0,0,0,0,0,0,0,0
0,d_19040401,100,100,0,0,0,0,0,0,0,0,0
0,d_19040501,100,100,1.2,0,0,0,0,0,0,0,0
0,d_19040601,100,100,4.5,0,0,0,0,0,0,0,0
0,d_19040701,100,99.4,0.8,0,0,0,0,0,0,0,0
1.3,d_19040801,98.7,1.4,0,0,0,0,0,0,0,0,0
100,d_19040901,0,0,0,0,0,0,0,0,0,0,0
89.2,d_19041001,0,0,0,0,0,0,10.8,0,0,0,0
100,d_19041101,0,0,0,0,0,0,0,0,0,0,0
44.3,d_19041201,55.7,14.1,0,0,0,0,0,0,0,0,0
100,d_19050101,0,0,0,0,0,0,0,0,0,0,0
14,d_19050201,0,0,0,0,0,0,86,5.3,0,0,0
0,d_19050301,0,0,0,0,0,0,100,100,0.7,0,0
0,d_19050401,0,0,0,0,0,0,100,99,0,0,0
0,d_19050501,0,0,0,0,0,0,100,98.5,1.2,0,0
0,d_19050601,0,0,0,0,0,0,100,97.6,1,0,0
0,d_19050701,0,0,0,0,0,0,100,100,5,0,0
0,d_19050801,0,0,0,0,0,0,100,100,13.9,0,0
0,d_19050901,0,0,0,0,0,0,100,100,42.8,1,0
0,d_19051001,0,0,0,0,0,0,100,100,81.6,9,0
0,d_19051101,0,0,0,0,0,0,100,100,16.1,1,0
85.6,d_19051201,14.4,0,0,0,0,0,0,0,0,0,0
100,d_19060101,0,0,0,0,0,0,0,0,0,0,0
86.3,d_19060201,13.7,0,0,0,0,0,0,0,0,0,0
64.8,d_19060301,0,0,0,0,0,0,35.2,0,0,0,0
62.7,d_19060401,0,0,0,0,0,0,37.3,0,0,0,0
16.1,d_19060501,0,0,0,0,0,0,84,2,0,0,0
15,d_19060601,0,0,0,0,0,0,85,2.9,0,0,0
0,d_19060701,0,0,0,0,0,0,100,24.9,0,0,0
15.7,d_19060801,0,0,0,0,0,0,84.3,0.4,0,0,0
0,d_19060901,0,0,0,0,0,0,100,80.1,0,0,0
0,d_19061001,0,0,0,0,0,0,100,89.7,0,0,0
0,d_19061101,0,0,0,0,0,0,99.9,99.9,79.9,17,0
0,d_19061201,0,0,0,0,0,0,100,100,32.2,0,0
0,d_19070101,0,0,0,0,0,0,100,100,100,79,0
0,d_19070201,0,0,0,0,0,0,100,100,19.1,0,0
0,d_19070301,0,0,0,0,0,0,100,100,92,14,0
0,d_19070401,0,0,0,0,0,0,100.1,100.1,49.6,3.4,0
0,d_19070501,0,0,0,0,0,0,100.1,100.1,49.1,2.5,0
0,d_19070601,0,0,0,0,0,0,100,100,60.1,3.7,0
0,d_19070701,0,0,0,0,0,0,100,100,92,11.8,0
0,d_19070801,0,0,0,0,0,0,100,100,91.5,15,0
0,d_19070901,0,0,0,0,0,0,100,99,0,0,0
23.4,d_19071001,0,0,0,0,0,0,76.7,1.5,0,0,0
14.5,d_19071101,0,0,0,0,0,0,85.5,34.6,0,0,0
9.9,d_19071201,90.1,40.4,0,0,0,0,0,0,0,0,0
99.8,d_19080101,0,0,0,0,0,0,0.2,0,0,0,0
99.9,d_19080201,0,0,0,0,0,0,0.1,0,0,0,0
100,d_19080301,0,0,0,0,0,0,0,0,0,0,0
98.8,d_19080401,1.2,0,0,0,0,0,0,0,0,0,0
98,d_19080501,2,0,0,0,0,0,0,0,0,0,0
98.7,d_19080601,1.3,0,0,0,0,0,0,0,0,0,0
43.1,d_19080701,56.9,0,0,0,0,0,0,0,0,0,0
100,d_19080801,0,0,0,0,0,0,0,0,0,0,0
96.1,d_19080901,0,0,0,0,0,0,3.9,0,0,0,0
100,d_19081001,0,0,0,0,0,0,0,0,0,0,0
14.8,d_19081101,85.3,25.6,0,0,0,0,0,0,0,0,0
100,d_19081201,0,0,0,0,0,0,0,0,0,0,0
0.1,d_19090101,0,0,0,0,0,0,99.9,44.5,0,0,0
0,d_19090201,0,0,0,0,0,0,100,97.8,0,0,0
0,d_19090301,0,0,0,0,0,0,100,97.8,0,0,0
0,d_19090401,0,0,0,0,0,0,100,72.7,0,0,0
0.8,d_19090501,0,0,0,0,0,0,99.2,37.3,0,0,0
2.5,d_19090601,0,0,0,0,0,0,97.6,4.4,0,0,0
1.7,d_19090701,0,0,0,0,0,0,98.3,14.6,0,0,0
1.1,d_19090801,0,0,0,0,0,0,98.9,49.6,0,0,0
0,d_19090901,0,0,0,0,0,0,100,97.5,0,0,0
52.2,d_19091001,0,0,0,0,0,0,47.8,0,0,0,0
99.2,d_19091101,0,0,0,0,0,0,0.8,0,0,0,0
0,d_19091201,0,0,0,0,0,0,100,97.7,20.6,0,0
0,d_19100101,0,0,0,0,0,0,100.1,90.2,5.7,0,0
81.5,d_19100201,0,0,0,0,0,0,18.5,3.4,0,0,0
92.1,d_19100301,0,0,0,0,0,0,8,0.6,0,0,0
97.4,d_19100401,0,0,0,0,0,0,2.6,0,0,0,0
99.3,d_19100501,0,0,0,0,0,0,0.7,0,0,0,0
99,d_19100601,0,0,0,0,0,0,1,0,0,0,0
97.8,d_19100701,0,0,0,0,0,0,2.2,0,0,0,0
99.6,d_19100801,0,0,0,0,0,0,0.4,0,0,0,0
3.6,d_19100901,96.4,67.8,0,0,0,0,0,0,0,0,0
0,d_19101001,99.9,84.7,20.7,0,0,0,0,0,0,0,0
25.2,d_19101101,74.7,44.2,0,0,0,0,0,0,0,0,0
0,d_19101201,100,99.8,76.8,51.1,14.5,0,0,0,0,0,0
84,d_19110101,0,0,0,0,0,0,16,0,0,0,0
81.5,d_19110201,0,0,0,0,0,0,18.5,0,0,0,0
15.8,d_19110301,0,0,0,0,0,0,84.2,20.8,0,0,0
35.7,d_19110401,0,0,0,0,0,0,64.3,14.3,0,0,0
39.5,d_19110501,0,0,0,0,0,0,60.5,9.4,0,0,0
37,d_19110601,0,0,0,0,0,0,63,7.1,0,0,0
32.5,d_19110701,0,0,0,0,0,0,67.5,8,0,0,0
14.9,d_19110801,0,0,0,0,0,0,85.1,15,0,0,0
0,d_19110901,0,0,0,0,0,0,100,93.4,0,0,0
30.5,d_19111001,0,0,0,0,0,0,69.5,5.9,0,0,0
73.9,d_19111101,0,0,0,0,0,0,26.2,1.4,0,0,0
0.4,d_19111201,99.7,82.5,18,0.2,0,0,0,0,0,0,0
0,d_19120101,99.9,99.9,76,27.2,0,0,0,0,0,0,0
0,d_19120201,100,100,100,99.6,72.5,0,0,0,0,0,0
64.9,d_19120301,35,7.1,0,0,0,0,0,0,0,0,0
86.6,d_19120401,13.4,2.2,0,0,0,0,0,0,0,0,0
84.4,d_19120501,15.6,3.3,0,0,0,0,0,0,0,0,0
75.5,d_19120601,24.5,6.3,0,0,0,0,0,0,0,0,0
80.3,d_19120701,19.7,5,0,0,0,0,0,0,0,0,0
94.9,d_19120801,5.1,0.2,0,0,0,0,0,0,0,0,0
97.6,d_19120901,0,0,0,0,0,0,2.4,0,0,0,0
11.7,d_19121001,0,0,0,0,0,0,88.3,29.5,0,0,0
0,d_19121101,0,0,0,0,0,0,100.1,99.9,84,29,1.4
17.9,d_19121201,82,18.2,0,0,0,0,0,0,0,0,0
2.5,d_19130101,97.4,74.2,2.7,0,0,0,0,0,0,0,0
91.5,d_19130201,0.7,0,0,0,0,0,7.9,0,0,0,0
89.9,d_19130301,10.1,0,0,0,0,0,0,0,0,0,0
85.9,d_19130401,14.1,0.7,0,0,0,0,0,0,0,0,0
82.1,d_19130501,17.9,1.4,0,0,0,0,0,0,0,0,0
90,d_19130601,10,0,0,0,0,0,0,0,0,0,0
90.8,d_19130701,9.2,0,0,0,0,0,0,0,0,0,0
100,d_19130801,0,0,0,0,0,0,0,0,0,0,0
85.6,d_19130901,0,0,0,0,0,0,14.4,0,0,0,0
68.8,d_19131001,0,0,0,0,0,0,31.2,0,0,0,0
31.6,d_19131101,68.4,13.8,0,0,0,0,0,0,0,0,0
100,d_19131201,0,0,0,0,0,0,0,0,0,0,0
0,d_19140101,0,0,0,0,0,0,100,100,83.5,8.4,0
0,d_19140201,0,0,0,0,0,0,100,100,96.4,78.4,0.3
0.4,d_19140301,0,0,0,0,0,0,99.6,97.5,60.2,2.5,0
1,d_19140401,0,0,0,0,0,0,99,97.5,55.4,0.2,0
1.1,d_19140501,0,0,0,0,0,0,98.8,97.4,63.9,2.7,0
1,d_19140601,0,0,0,0,0,0,99,97.5,68.9,3.2,0
0,d_19140701,0,0,0,0,0,0,100,97.8,88,13.3,0
0,d_19140801,0,0,0,0,0,0,99.9,97.4,47.3,0,0
0,d_19140901,0,0,0,0,0,0,100,97.7,83.2,0,0
28.4,d_19141001,0,0,0,0,0,0,71.6,0,0,0,0
0.7,d_19141101,99.2,75.2,0.3,0,0,0,0,0,0,0,0
64.9,d_19141201,0,0,0,0,0,0,35.1,5.7,0,0,0
0,d_19150101,0,0,0,0,0,0,99.9,55.1,2.5,0,0
0,d_19150201,0,0,0,0,0,0,100.1,99.9,12.2,0,0
5,d_19150301,0,0,0,0,0,0,95,29,0,0,0
1.2,d_19150401,0,0,0,0,0,0,98.9,32.7,0.6,0,0
0,d_19150501,0,0,0,0,0,0,100.1,60.6,2.3,0,0
0,d_19150601,0,0,0,0,0,0,100,65.5,2.3,0,0
0,d_19150701,0,0,0,0,0,0,100,77.6,6.9,0,0
0,d_19150801,0,0,0,0,0,0,100,99.6,17.5,0,0
0,d_19150901,0,0,0,0,0,0,100,51.8,0,0,0
58.6,d_19151001,0,0,0,0,0,0,41.3,6.8,0,0,0
81.3,d_19151101,18.7,0.6,0,0,0,0,0,0,0,0,0
85.6,d_19151201,0,0,0,0,0,0,14.4,2.2,0,0,0
0,d_19160101,0,0,0,0,0,0,100,100,86.6,58.5,16.7
2.2,d_19160201,0,0,0,0,0,0,97.7,81,29.6,0,0
5,d_19160301,0,0,0,0,0,0,95,60.3,1.2,0,0
19.5,d_19160401,0,0,0,0,0,0,80.5,41.5,0,0,0
23.8,d_19160501,0,0,0,0,0,0,76.3,36.5,0,0,0
22.6,d_19160601,0,0,0,0,0,0,77.4,36.1,0,0,0
4.4,d_19160701,0,0,0,0,0,0,95.6,53.9,0,0,0
3,d_19160801,0,0,0,0,0,0,97,61.9,0,0,0
2,d_19160901,0,0,0,0,0,0,98,65.1,0.5,0,0
99.5,d_19161001,0.5,0,0,0,0,0,0,0,0,0,0
73.7,d_19161101,26.3,0,0,0,0,0,0,0,0,0,0
7.4,d_19161201,0,0,0,0,0,0,92.6,25.5,0,0,0
11.6,d_19170101,0,0,0,0,0,0,88.5,14.2,0,0,0
10,d_19170201,0,0,0,0,0,0,90,2.9,0,0,0
97.5,d_19170301,0,0,0,0,0,0,2.5,0,0,0,0
97.5,d_19170401,0,0,0,0,0,0,2.5,0,0,0,0
97.8,d_19170501,0,0,0,0,0,0,2.2,0,0,0,0
98.4,d_19170601,0,0,0,0,0,0,1.6,0,0,0,0
100,d_19170701,0,0,0,0,0,0,0,0,0,0,0
98.5,d_19170801,0,0,0,0,0,0,1.5,0,0,0,0
96.6,d_19170901,3.4,0,0,0,0,0,0,0,0,0,0
59.3,d_19171001,40.8,17.9,2,0,0,0,0,0,0,0,0
0,d_19171101,100,100,88,57.3,0.4,0,0,0,0,0,0
0,d_19171201,100,100,94.4,66.8,2.2,0,0,0,0,0,0
0,d_19180101,99.9,99.9,99.9,99.2,66.8,0,0,0,0,0,0
25.8,d_19180201,74.3,32.7,0,0,0,0,0,0,0,0,0
90.2,d_19180301,0,0,0,0,0,0,9.8,0,0,0,0
96.6,d_19180401,0,0,0,0,0,0,3.4,0,0,0,0
96.7,d_19180501,0,0,0,0,0,0,3.3,0,0,0,0
96.3,d_19180601,0,0,0,0,0,0,3.7,0,0,0,0
90.7,d_19180701,0,0,0,0,0,0,9.3,0,0,0,0
75.1,d_19180801,0,0,0,0,0,0,24.8,1,0,0,0
2,d_19180901,0,0,0,0,0,0,98,69.8,0,0,0
0,d_19181001,0,0,0,0,0,0,100,99.8,67.9,8.9,0
0,d_19181101,0,0,0,0,0,0,100.1,100.1,88.7,9.3,0
93.5,d_19181201,0,0,0,0,0,0,6.5,0.6,0,0,0
92.5,d_19190101,7.5,0,0,0,0,0,0,0,0,0,0
66.3,d_19190201,33.8,1.3,0,0,0,0,0,0,0,0,0
68,d_19190301,32,0,0,0,0,0,0,0,0,0,0
40.9,d_19190401,59.1,5.3,0,0,0,0,0,0,0,0,0
30.3,d_19190501,69.7,8.4,0,0,0,0,0,0,0,0,0
7.6,d_19190601,92.4,31.5,0,0,0,0,0,0,0,0,0
11.3,d_19190701,88.7,21.5,0,0,0,0,0,0,0,0,0
3.9,d_19190801,96.1,39.1,1.2,0,0,0,0,0,0,0,0
48.2,d_19190901,51.8,0,0,0,0,0,0,0,0,0,0
100,d_19191001,0,0,0,0,0,0,0,0,0,0,0
92,d_19191101,0,0,0,0,0,0,8,0,0,0,0
94.1,d_19191201,5.5,0,0,0,0,0,0.4,0,0,0,0
63.8,d_19200101,36.1,0.3,0,0,0,0,0,0,0,0,0
87.1,d_19200201,12.9,0,0,0,0,0,0,0,0,0,0
99.8,d_19200301,0,0,0,0,0,0,0.2,0,0,0,0
99.9,d_19200401,0,0,0,0,0,0,0.1,0,0,0,0
99.9,d_19200501,0,0,0,0,0,0,0.1,0,0,0,0
100,d_19200601,0,0,0,0,0,0,0,0,0,0,0
100,d_19200701,0,0,0,0,0,0,0,0,0,0,0
100,d_19200801,0,0,0,0,0,0,0,0,0,0,0
100,d_19200901,0,0,0,0,0,0,0,0,0,0,0
32.5,d_19201001,0,0,0,0,0,0,67.5,15.7,0,0,0
35.4,d_19201101,0,0,0,0,0,0,64.6,33,0,0,0
38.1,d_19201201,61.9,36.5,0.3,0,0,0,0,0,0,0,0
100,d_19210101,0,0,0,0,0,0,0,0,0,0,0
61.3,d_19210201,38.7,0,0,0,0,0,0,0,0,0,0
78.9,d_19210301,21,1,0,0,0,0,0,0,0,0,0
32.8,d_19210401,67.3,2.9,0,0,0,0,0,0,0,0,0
91.7,d_19210501,8.3,0,0,0,0,0,0,0,0,0,0
95.5,d_19210601,4.5,0,0,0,0,0,0,0,0,0,0
99.1,d_19210701,0.9,0,0,0,0,0,0,0,0,0,0
99.8,d_19210801,0.2,0,0,0,0,0,0,0,0,0,0
100,d_19210901,0,0,0,0,0,0,0,0,0,0,0
86.8,d_19211001,13.1,0,0,0,0,0,0.1,0,0,0,0
70.7,d_19211101,17,1,0,0,0,0,12.3,2.2,0,0,0
0,d_19211201,0,0,0,0,0,0,99.9,99.9,99.9,93.3,16.3
0,d_19220101,0,0,0,0,0,0,100,100,100,78.9,5.8
0,d_19220201,0,0,0,0,0,0,100,100,72.6,1.2,0
0,d_19220301,0,0,0,0,0,0,100,100,9.8,0,0
0,d_19220401,0,0,0,0,0,0,100,99.9,3.3,0,0
0,d_19220501,0,0,0,0,0,0,100,100,11.1,0,0
0,d_19220601,0,0,0,0,0,0,100,100,6.5,0,0
0,d_19220701,0,0,0,0,0,0,99.9,99.9,13.8,0,0
0,d_19220801,0,0,0,0,0,0,100.1,100.1,43.3,0.9,0
99.5,d_19220901,0,0,0,0,0,0,0.5,0,0,0,0
100,d_19221001,0,0,0,0,0,0,0,0,0,0,0
99.9,d_19221101,0.1,0,0,0,0,0,0,0,0,0,0
4.8,d_19221201,0,0,0,0,0,0,95.2,35.2,0,0,0
56.8,d_19230101,0,0,0,0,0,0,43.2,0,0,0,0
100,d_19230201,0,0,0,0,0,0,0,0,0,0,0
62.7,d_19230301,37.3,0.1,0,0,0,0,0,0,0,0,0
94,d_19230401,6,0,0,0,0,0,0,0,0,0,0
81.3,d_19230501,18.7,0,0,0,0,0,0,0,0,0,0
90.7,d_19230601,9.3,0,0,0,0,0,0,0,0,0,0
95.3,d_19230701,4.7,0,0,0,0,0,0,0,0,0,0
81.6,d_19230801,18.4,0.6,0,0,0,0,0,0,0,0,0
0,d_19230901,100,27.5,0,0,0,0,0,0,0,0,0
0.7,d_19231001,99.3,21.3,0,0,0,0,0,0,0,0,0
44.9,d_19231101,55.1,6.1,0,0,0,0,0,0,0,0,0
81.8,d_19231201,18.2,0.1,0,0,0,0,0,0,0,0,0
0,d_19240101,100,100,61.1,0.3,0,0,0,0,0,0,0
0,d_19240201,100.1,100.1,100.1,86.3,45.6,0,0,0,0,0,0
0,d_19240301,99.9,96.4,35.6,0,0,0,0,0,0,0,0
2.9,d_19240401,97.1,69.9,1.4,0,0,0,0,0,0,0,0
0.2,d_19240501,99.8,78.5,18.4,0,0,0,0,0,0,0,0
0,d_19240601,99.9,83.3,29.1,0.5,0,0,0,0,0,0,0
0,d_19240701,100,84.8,37.7,1,0,0,0,0,0,0,0
0.3,d_19240801,99.8,83.4,2.1,0,0,0,0,0,0,0,0
16.2,d_19240901,83.8,18.9,0,0,0,0,0,0,0,0,0
98.7,d_19241001,1.3,0,0,0,0,0,0,0,0,0,0
56.3,d_19241101,0,0,0,0,0,0,43.7,9.7,0,0,0
73.9,d_19241201,26.2,8.7,0,0,0,0,0,0,0,0,0
0,d_19250101,100.1,99.2,49.8,26.8,0,0,0,0,0,0,0
0,d_19250201,99.9,99.9,97.2,52.9,14.7,0,0,0,0,0,0
0,d_19250301,100,100,91.5,12.9,0,0,0,0,0,0,0
0,d_19250401,99.9,95.5,8.9,0,0,0,0,0,0,0,0
0,d_19250501,100,95.4,4.5,0,0,0,0,0,0,0,0
0,d_19250601,100,83.7,0,0,0,0,0,0,0,0,0
0,d_19250701,100,88.4,0,0,0,0,0,0,0,0,0
0,d_19250801,100,57.7,0,0,0,0,0,0,0,0,0
13,d_19250901,87,16,0,0,0,0,0,0,0,0,0
100,d_19251001,0,0,0,0,0,0,0,0,0,0,0
81.1,d_19251101,0,0,0,0,0,0,18.9,0,0,0,0
64.3,d_19251201,0,0,0,0,0,0,35.6,1,0,0,0
72.9,d_19260101,27.1,4.5,0,0,0,0,0,0,0,0,0
76.8,d_19260201,23.2,2.5,0,0,0,0,0,0,0,0,0
19.5,d_19260301,80.5,37.4,0,0,0,0,0,0,0,0,0
100,d_19260401,0,0,0,0,0,0,0,0,0,0,0
100,d_19260501,0,0,0,0,0,0,0,0,0,0,0
100,d_19260601,0,0,0,0,0,0,0,0,0,0,0
100,d_19260701,0,0,0,0,0,0,0,0,0,0,0
100,d_19260801,0,0,0,0,0,0,0,0,0,0,0
100,d_19260901,0,0,0,0,0,0,0,0,0,0,0
58.6,d_19261001,0,0,0,0,0,0,41.4,0,0,0,0
0,d_19261101,0,0,0,0,0,0,100,89.3,2.5,0,0
0,d_19261201,0,0,0,0,0,0,100,100,64.2,8.1,0
96.9,d_19270101,3.1,0,0,0,0,0,0,0,0,0,0
26.6,d_19270201,0,0,0,0,0,0,73.4,29.4,0,0,0
52.9,d_19270301,0,0,0,0,0,0,47.1,8.8,0,0,0
56.4,d_19270401,0,0,0,0,0,0,43.5,6.9,0,0,0
61.8,d_19270501,0,0,0,0,0,0,38.2,5.6,0,0,0
59.3,d_19270601,0,0,0,0,0,0,40.7,5.9,0,0,0
48,d_19270701,0,0,0,0,0,0,52,13.1,0,0,0
85.5,d_19270801,0,0,0,0,0,0,14.5,0.2,0,0,0
73.7,d_19270901,0,0,0,0,0,0,26.3,1.5,0,0,0
6.1,d_19271001,0,0,0,0,0,0,93.9,55.4,8.8,0,0
65.7,d_19271101,30.5,0.2,0,0,0,0,3.8,1.9,0,0,0
75.1,d_19271201,0,0,0,0,0,0,25,10.1,2.7,0,0
48.1,d_19280101,49.3,8.7,0,0,0,0,2.6,0,0,0,0
72.1,d_19280201,27.8,0,0,0,0,0,0.2,0,0,0,0
22.3,d_19280301,77.7,3.7,0,0,0,0,0,0,0,0,0
12.3,d_19280401,87.8,26,0,0,0,0,0,0,0,0,0
13.9,d_19280501,86.1,18,0,0,0,0,0,0,0,0,0
16.9,d_19280601,83.1,11.6,0,0,0,0,0,0,0,0,0
4.6,d_19280701,95.4,65.1,0,0,0,0,0,0,0,0,0
5.9,d_19280801,94.1,27.3,0,0,0,0,0,0,0,0,0
0,d_19280901,100.1,93.8,0.9,0,0,0,0,0,0,0,0
61.3,d_19281001,38.7,3.8,0,0,0,0,0,0,0,0,0
32.7,d_19281101,67.3,46.3,0,0,0,0,0,0,0,0,0
99.5,d_19281201,0.5,0,0,0,0,0,0,0,0,0,0
97.3,d_19290101,2.7,0,0,0,0,0,0,0,0,0,0
5.1,d_19290201,94.9,20.5,0,0,0,0,0,0,0,0,0
3,d_19290301,97.1,33.4,0,0,0,0,0,0,0,0,0
37,d_19290401,63,6.7,0,0,0,0,0,0,0,0,0
18.4,d_19290501,81.6,9.9,0,0,0,0,0,0,0,0,0
28.9,d_19290601,71.2,3.2,0,0,0,0,0,0,0,0,0
43.4,d_19290701,56.6,1.1,0,0,0,0,0,0,0,0,0
50.8,d_19290801,49.2,3.3,0,0,0,0,0,0,0,0,0
51.6,d_19290901,48.4,1,0,0,0,0,0,0,0,0,0
63.7,d_19291001,36.4,3.4,0,0,0,0,0,0,0,0,0
40.9,d_19291101,59.1,10.3,0,0,0,0,0,0,0,0,0
0,d_19291201,100.1,100.1,41.1,5.1,0.2,0,0,0,0,0,0
77,d_19300101,23,2.9,0,0,0,0,0,0,0,0,0
10.4,d_19300201,89.6,57.6,0,0,0,0,0,0,0,0,0
56.9,d_19300301,43.1,4.2,0,0,0,0,0,0,0,0,0
41.4,d_19300401,58.6,8.4,0,0,0,0,0,0,0,0,0
77.6,d_19300501,22.3,0.2,0,0,0,0,0,0,0,0,0
71.8,d_19300601,28.2,0.2,0,0,0,0,0,0,0,0,0
91,d_19300701,9,0,0,0,0,0,0,0,0,0,0
100,d_19300801,0,0,0,0,0,0,0,0,0,0,0
80.8,d_19300901,0,0,0,0,0,0,19.1,1,0,0,0
99,d_19301001,0,0,0,0,0,0,1,0,0,0,0
9.5,d_19301101,0,0,0,0,0,0,90.5,18.2,0.7,0,0
52.5,d_19301201,47.5,1.7,0,0,0,0,0,0,0,0,0
98.3,d_19310101,1.7,0,0,0,0,0,0,0,0,0,0
92.2,d_19310201,7.8,0,0,0,0,0,0,0,0,0,0
37.2,d_19310301,62.8,18.2,0,0,0,0,0,0,0,0,0
87.2,d_19310401,12.8,0,0,0,0,0,0,0,0,0,0
90.9,d_19310501,9.1,0,0,0,0,0,0,0,0,0,0
94.2,d_19310601,5.8,0,0,0,0,0,0,0,0,0,0
99.8,d_19310701,0.2,0,0,0,0,0,0,0,0,0,0
99.8,d_19310801,0.2,0,0,0,0,0,0,0,0,0,0
100,d_19310901,0,0,0,0,0,0,0,0,0,0,0
99.5,d_19311001,0,0,0,0,0,0,0.5,0,0,0,0
83.9,d_19311101,0.7,0,0,0,0,0,15.4,2.9,0,0,0
0,d_19311201,0,0,0,0,0,0,100,100,92.8,66.6,1.9
0,d_19320101,0,0,0,0,0,0,100,84.5,0,0,0
0,d_19320201,0,0,0,0,0,0,99.9,99.9,31.4,11.2,0
1,d_19320301,0,0,0,0,0,0,99.1,37.8,0,0,0
11.2,d_19320401,0,0,0,0,0,0,88.9,27.3,0,0,0
23.2,d_19320501,0,0,0,0,0,0,76.8,21.5,0,0,0
19,d_19320601,0,0,0,0,0,0,81,24.4,0,0,0
3.4,d_19320701,0,0,0,0,0,0,96.6,30.4,0,0,0
35,d_19320801,0,0,0,0,0,0,65,15.5,0,0,0
82,d_19320901,0,0,0,0,0,0,18,2.1,0,0,0
73,d_19321001,0,0,0,0,0,0,27.1,13.4,0,0,0
0,d_19321101,100,99.9,87.9,77.5,58.3,0,0,0,0,0,0
10.9,d_19321201,89.1,68.1,5.5,0.4,0,0,0,0,0,0,0
12.3,d_19330101,0,0,0,0,0,0,87.7,16.9,0,0,0
100,d_19330201,0,0,0,0,0,0,0,0,0,0,0
70.9,d_19330301,29.1,0,0,0,0,0,0,0,0,0,0
49.7,d_19330401,50.2,3.6,0,0,0,0,0,0,0,0,0
45.9,d_19330501,54.1,2.1,0,0,0,0,0,0,0,0,0
50.7,d_19330601,49.4,0.2,0,0,0,0,0,0,0,0,0
62.8,d_19330701,37.2,0,0,0,0,0,0,0,0,0,0
100,d_19330801,0,0,0,0,0,0,0,0,0,0,0
100,d_19330901,0,0,0,0,0,0,0,0,0,0,0
0,d_19331001,100,100,98.8,80.2,5.2,0,0,0,0,0,0
0,d_19331101,100,100,82.3,65.7,0,0,0,0,0,0,0
52.5,d_19331201,0,0,0,0,0,0,47.4,18.3,0,0,0
39.3,d_19340101,0,0,0,0,0,0,60.7,36.4,0,0,0
66.7,d_19340201,0.6,0,0,0,0,0,32.7,3.6,0,0,0
76.1,d_19340301,23.9,4.7,0,0,0,0,0,0,0,0,0
63,d_19340401,37,15.9,0.2,0,0,0,0,0,0,0,0
49.9,d_19340501,50.1,27.6,1.8,0,0,0,0,0,0,0,0
57.5,d_19340601,42.5,19.5,0.1,0,0,0,0,0,0,0,0
60.1,d_19340701,39.9,18.6,0.2,0,0,0,0,0,0,0,0
77.3,d_19340801,22.7,1.9,0,0,0,0,0,0,0,0,0
32.7,d_19340901,67.2,42.9,2,0,0,0,0,0,0,0,0
48,d_19341001,52,0.8,0,0,0,0,0,0,0,0,0
93.3,d_19341101,4.2,0,0,0,0,0,2.5,0,0,0,0
0,d_19341201,0,0,0,0,0,0,100,99.1,13.7,0,0
0,d_19350101,0,0,0,0,0,0,100,97.1,6.8,0,0
11.5,d_19350201,0,0,0,0,0,0,88.5,43.7,0,0,0
16.4,d_19350301,0,0,0,0,0,0,83.6,27.4,0,0,0
9.1,d_19350401,0,0,0,0,0,0,90.9,67.2,0,0,0
11.6,d_19350501,0,0,0,0,0,0,88.4,54.2,0,0,0
11.6,d_19350601,0,0,0,0,0,0,88.4,54.7,0,0,0
34.7,d_19350701,0,0,0,0,0,0,65.3,5.7,0,0,0
46.7,d_19350801,0,0,0,0,0,0,53.3,3.7,0,0,0
94.1,d_19350901,0,0,0,0,0,0,5.9,0,0,0,0
98.3,d_19351001,0,0,0,0,0,0,1.7,0,0,0,0
77,d_19351101,0,0,0,0,0,0,22.9,11.2,0,0,0
65.5,d_19351201,34.5,0.8,0,0,0,0,0,0,0,0,0
0,d_19360101,100,100,86.8,30.7,0,0,0,0,0,0,0
99,d_19360201,1,0,0,0,0,0,0,0,0,0,0
91.9,d_19360301,8,0.3,0,0,0,0,0,0,0,0,0
80.1,d_19360401,19.9,0.8,0,0,0,0,0,0,0,0,0
52.1,d_19360501,47.9,9.5,0,0,0,0,0,0,0,0,0
57.1,d_19360601,42.9,6.1,0,0,0,0,0,0,0,0,0
71.2,d_19360701,28.7,2,0,0,0,0,0,0,0,0,0
94,d_19360801,6.1,0.2,0,0,0,0,0,0,0,0,0
99.8,d_19360901,0.2,0,0,0,0,0,0,0,0,0,0
5.9,d_19361001,0,0,0,0,0,0,94.1,47.1,0,0,0
36,d_19361101,64,4.9,0,0,0,0,0,0,0,0,0
0,d_19361201,0,0,0,0,0,0,100.1,99.3,32.7,1.3,0
0.4,d_19370101,0,0,0,0,0,0,99.6,64.4,5.1,0,0
0,d_19370201,0,0,0,0,0,0,100,95,34.6,2.4,0
0,d_19370301,0,0,0,0,0,0,99.9,99.6,59.7,4.2,0
0,d_19370401,0,0,0,0,0,0,100,95.1,29.1,0.8,0
0,d_19370501,0,0,0,0,0,0,100.1,94.3,35,1,0
0,d_19370601,0,0,0,0,0,0,100,95.1,40.5,1.2,0
0,d_19370701,0,0,0,0,0,0,100,91.5,26.2,0.4,0
0,d_19370801,0,0,0,0,0,0,99.9,96.8,43.8,3.9,0
10.9,d_19370901,0,0,0,0,0,0,89.1,28.8,0,0,0
2.7,d_19371001,0,0,0,0,0,0,97.2,34.5,2.8,0,0
100,d_19371101,0,0,0,0,0,0,0,0,0,0,0
33.4,d_19371201,66.6,7.1,1,0,0,0,0,0,0,0,0
35.8,d_19380101,64.2,2.5,0.4,0,0,0,0,0,0,0,0
57.3,d_19380201,0,0,0,0,0,0,42.7,0,0,0,0
0,d_19380301,0,0,0,0,0,0,100,98.8,49.9,0.6,0
0,d_19380401,0,0,0,0,0,0,99.9,98.4,31.6,0.1,0
0,d_19380501,0,0,0,0,0,0,100,98.7,35.9,0.5,0
0,d_19380601,0,0,0,0,0,0,100,98.7,40,0.5,0
0,d_19380701,0,0,0,0,0,0,100,100,67.7,3.8,0
0,d_19380801,0,0,0,0,0,0,100,100,82.1,27.5,0
0,d_19380901,0,0,0,0,0,0,100,100,76.4,20.5,0
0,d_19381001,0,0,0,0,0,0,100,100,100,85.5,19.3
0,d_19381101,0,0,0,0,0,0,100,97.1,60.3,16.7,0
2.5,d_19381201,0,0,0,0,0,0,97.4,78.4,11.2,0,0
8.9,d_19390101,0,0,0,0,0,0,91.1,37.2,0,0,0
78.8,d_19390201,0,0,0,0,0,0,21.2,4.4,0,0,0
83.6,d_19390301,0,0,0,0,0,0,16.4,4.8,0,0,0
87.2,d_19390401,0,0,0,0,0,0,12.7,0.3,0,0,0
89.3,d_19390501,0.3,0,0,0,0,0,10.4,0,0,0,0
90.4,d_19390601,0.1,0,0,0,0,0,9.5,0,0,0,0
86.5,d_19390701,0,0,0,0,0,0,13.5,2.2,0,0,0
78.5,d_19390801,0,0,0,0,0,0,21.4,9,0,0,0
91.3,d_19390901,8.7,0,0,0,0,0,0,0,0,0,0
55.7,d_19391001,44.3,5,0,0,0,0,0,0,0,0,0
46.3,d_19391101,51.1,21,0,0,0,0,2.6,0,0,0,0
26.1,d_19391201,74,59.9,0.2,0,0,0,0,0,0,0,0
100,d_19400101,0,0,0,0,0,0,0,0,0,0,0
87.9,d_19400201,0,0,0,0,0,0,12.1,0,0,0,0
100,d_19400301,0,0,0,0,0,0,0,0,0,0,0
99,d_19400401,0,0,0,0,0,0,1,0,0,0,0
99.5,d_19400501,0,0,0,0,0,0,0.5,0,0,0,0
95.9,d_19400601,4.1,0,0,0,0,0,0,0,0,0,0
99.6,d_19400701,0.1,0,0,0,0,0,0.3,0,0,0,0
97.5,d_19400801,0,0,0,0,0,0,2.5,0,0,0,0
73.7,d_19400901,0,0,0,0,0,0,26.2,1.5,0,0,0
85.9,d_19401001,0,0,0,0,0,0,14.1,2.9,0,0,0
64.3,d_19401101,35.7,0,0,0,0,0,0,0,0,0,0
0,d_19401201,0,0,0,0,0,0,100.1,89.7,41.4,3,0
0.7,d_19410101,0,0,0,0,0,0,99.2,42.4,0.8,0.1,0
0,d_19410201,0,0,0,0,0,0,100,100,78.6,36.8,0.3
0,d_19410301,0,0,0,0,0,0,99.9,99.9,99.9,98.3,49
0,d_19410401,0,0,0,0,0,0,100,100,100,100,84
0,d_19410501,0,0,0,0,0,0,100,100,100,100,87.5
0,d_19410601,0,0,0,0,0,0,100,100,100,100,87.8
0,d_19410701,0,0,0,0,0,0,100,100,100,100,85.5
0,d_19410801,0,0,0,0,0,0,100,100,100,100,90.1
0,d_19410901,0,0,0,0,0,0,100,100,100,98.3,22.2
0,d_19411001,0,0,0,0,0,0,100,100,100,100,98.8
0,d_19411101,0,0,0,0,0,0,100,100,100,100,88.9
0,d_19411201,0,0,0,0,0,0,100,100,96.1,42.1,4
87.5,d_19420101,0,0,0,0,0,0,12.5,2.4,0,0,0
85.7,d_19420201,14.3,0,0,0,0,0,0,0,0,0,0
44.7,d_19420301,55.2,2.1,0,0,0,0,0,0,0,0,0
88.5,d_19420401,11.5,0,0,0,0,0,0,0,0,0,0
71.8,d_19420501,28.2,0,0,0,0,0,0,0,0,0,0
78.1,d_19420601,21.9,0,0,0,0,0,0,0,0,0,0
23.8,d_19420701,76.1,18,0,0,0,0,0,0,0,0,0
80.9,d_19420801,19.1,0,0,0,0,0,0,0,0,0,0
0,d_19420901,100,86.5,0.3,0,0,0,0,0,0,0,0
66,d_19421001,34,0.2,0,0,0,0,0,0,0,0,0
89.3,d_19421101,10.7,0,0,0,0,0,0,0,0,0,0
95,d_19421201,5,0,0,0,0,0,0,0,0,0,0
0.2,d_19430101,0,0,0,0,0,0,99.8,92.4,28.8,0,0
3.7,d_19430201,0,0,0,0,0,0,96.2,86.9,11.3,0,0
2.5,d_19430301,0,0,0,0,0,0,97.5,89,29.3,0,0
3.2,d_19430401,0,0,0,0,0,0,96.8,87.2,29.3,0,0
4.9,d_19430501,0,0,0,0,0,0,95.2,84.5,7.8,0,0
4.4,d_19430601,0,0,0,0,0,0,95.6,84.8,8.8,0,0
4,d_19430701,0,0,0,0,0,0,96,84.8,9.7,0,0
1,d_19430801,0,0,0,0,0,0,99,91.2,26,0,0
0,d_19430901,0,0,0,0,0,0,99.9,95.9,64.5,10,0
63.8,d_19431001,0,0,0,0,0,0,36.2,0.7,0,0,0
92.5,d_19431101,1.7,0,0,0,0,0,5.8,0,0,0,0
1.2,d_19431201,0,0,0,0,0,0,98.8,87,34.9,15.1,0.5
55.5,d_19440101,0,0,0,0,0,0,44.5,23.8,1.4,0,0
0,d_19440201,0,0,0,0,0,0,99.9,99.9,42.3,23.2,6.6
0,d_19440301,0,0,0,0,0,0,100,94.2,32.5,13.7,1.4
0,d_19440401,0,0,0,0,0,0,99.9,87.7,27.1,11.7,0.8
0,d_19440501,0,0,0,0,0,0,100,79.5,26.1,12.6,1
0,d_19440601,0,0,0,0,0,0,100,80.4,26,11.3,0.2
0,d_19440701,0,0,0,0,0,0,100.1,93.2,29.3,13,1.4
0,d_19440801,0,0,0,0,0,0,100,99.3,36,15.1,2.1
35.5,d_19440901,0,0,0,0,0,0,64.5,14.5,0,0,0
0.3,d_19441001,0,0,0,0,0,0,99.7,74.9,6.8,0,0
8,d_19441101,0,0,0,0,0,0,91.9,33.7,0,0,0
62.2,d_19441201,0,0,0,0,0,0,37.8,0.7,0,0,0
95.4,d_19450101,4.6,0,0,0,0,0,0,0,0,0,0
99.4,d_19450201,0.6,0,0,0,0,0,0,0,0,0,0
97.5,d_19450301,0,0,0,0,0,0,2.5,0,0,0,0
98.6,d_19450401,0,0,0,0,0,0,1.4,0,0,0,0
98.3,d_19450501,0.8,0,0,0,0,0,0.9,0,0,0,0
98.9,d_19450601,0.2,0,0,0,0,0,0.9,0,0,0,0
97.2,d_19450701,0,0,0,0,0,0,2.8,0,0,0,0
40.5,d_19450801,59.5,3.8,0,0,0,0,0,0,0,0,0
98.3,d_19450901,1.3,0,0,0,0,0,0.4,0,0,0,0
67.1,d_19451001,0,0,0,0,0,0,32.9,4.6,0,0,0
86.7,d_19451101,0,0,0,0,0,0,13.3,0.2,0,0,0
28.4,d_19451201,0,0,0,0,0,0,71.6,31.1,0.4,0,0
98.2,d_19460101,0,0,0,0,0,0,1.8,0.2,0,0,0
83.4,d_19460201,16.6,0,0,0,0,0,0,0,0,0,0
97.6,d_19460301,0,0,0,0,0,0,2.4,0,0,0,0
97.9,d_19460401,0.2,0,0,0,0,0,1.9,0,0,0,0
95.4,d_19460501,4.6,0,0,0,0,0,0,0,0,0,0
96.7,d_19460601,3.3,0,0,0,0,0,0,0,0,0,0
93.1,d_19460701,6.3,0,0,0,0,0,0.6,0,0,0,0
97.6,d_19460801,0,0,0,0,0,0,2.4,0,0,0,0
37.5,d_19460901,62.4,13.6,0,0,0,0,0,0,0,0,0
96.7,d_19461001,0.7,0,0,0,0,0,2.6,0,0,0,0
0,d_19461101,0,0,0,0,0,0,99.9,99.9,93.3,55.4,2.1
0,d_19461201,0,0,0,0,0,0,100,100,96.3,52.2,0
1,d_19470101,0,0,0,0,0,0,99,66.8,0.2,0,0
88.5,d_19470201,0,0,0,0,0,0,11.5,0,0,0,0
98.6,d_19470301,0,0,0,0,0,0,1.4,0,0,0,0
99,d_19470401,1,0,0,0,0,0,0,0,0,0,0
98.1,d_19470501,1.9,0,0,0,0,0,0,0,0,0,0
99,d_19470601,1,0,0,0,0,0,0,0,0,0,0
99,d_19470701,1,0,0,0,0,0,0,0,0,0,0
0,d_19470801,100,86,25.6,1.1,0,0,0,0,0,0,0
0,d_19470901,100,100,99.3,74.1,5,0,0,0,0,0,0
0,d_19471001,100,100,88.4,37.7,0,0,0,0,0,0,0
0,d_19471101,100,98.8,88.8,63.3,10.4,0,0,0,0,0,0
16.8,d_19471201,83.3,73.9,11,0.6,0,0,0,0,0,0,0
0,d_19480101,100,94.9,71.2,32.5,0,0,0,0,0,0,0
0,d_19480201,100,93.4,68.7,49.5,3.2,0,0,0,0,0,0
0,d_19480301,100,84.7,50.9,9.9,0,0,0,0,0,0,0
1,d_19480401,99,84,34.7,0.5,0,0,0,0,0,0,0
0,d_19480501,100,92,48.2,8.3,0,0,0,0,0,0,0
2,d_19480601,97.9,85.6,41,4.4,0,0,0,0,0,0,0
2.6,d_19480701,97.4,79.8,32.6,1.4,0,0,0,0,0,0,0
12.2,d_19480801,87.8,57.3,0,0,0,0,0,0,0,0,0
0,d_19480901,100,59.4,0,0,0,0,0,0,0,0,0
82.3,d_19481001,17.7,0,0,0,0,0,0,0,0,0,0
37.1,d_19481101,63,6.3,0,0,0,0,0,0,0,0,0
78.4,d_19481201,21.5,0.2,0,0,0,0,0,0,0,0,0
80.1,d_19490101,19.8,0.5,0,0,0,0,0,0,0,0,0
27.5,d_19490201,72.4,18.1,0,0,0,0,0,0,0,0,0
4.9,d_19490301,95.1,57.2,0,0,0,0,0,0,0,0,0
1.6,d_19490401,98.4,84.8,0.3,0,0,0,0,0,0,0,0
2.5,d_19490501,97.6,80.3,0,0,0,0,0,0,0,0,0
3.9,d_19490601,96.1,75.1,0,0,0,0,0,0,0,0,0
1.3,d_19490701,98.7,69,0,0,0,0,0,0,0,0,0
19.9,d_19490801,80.2,0.6,0,0,0,0,0,0,0,0,0
6.6,d_19490901,93.4,8.7,0,0,0,0,0,0,0,0,0
0.7,d_19491001,99.3,91.9,10.5,0,0,0,0,0,0,0,0
2.5,d_19491101,97.5,50.4,0,0,0,0,0,0,0,0,0
92.1,d_19491201,7.9,0,0,0,0,0,0,0,0,0,0
94.5,d_19500101,5.5,0,0,0,0,0,0,0,0,0,0
64.2,d_19500201,35.8,7.7,0,0,0,0,0,0,0,0,0
30.9,d_19500301,69.1,21.9,0,0,0,0,0,0,0,0,0
23.5,d_19500401,76.5,25.1,0,0,0,0,0,0,0,0,0
15.2,d_19500501,84.8,34.1,0,0,0,0,0,0,0,0,0
18.9,d_19500601,81,25.7,0,0,0,0,0,0,0,0,0
36.8,d_19500701,63.2,8.6,0,0,0,0,0,0,0,0,0
25.6,d_19500801,74.4,6.1,0,0,0,0,0,0,0,0,0
12.2,d_19500901,87.8,12.2,0,0,0,0,0,0,0,0,0
0.4,d_19501001,99.5,31.6,0,0,0,0,0,0,0,0,0
1.8,d_19501101,98.2,32.6,3.5,0.2,0,0,0,0,0,0,0
0,d_19501201,100,97.6,20.4,5.3,0,0,0,0,0,0,0
2.6,d_19510101,97.4,38.5,2.8,0,0,0,0,0,0,0,0
0,d_19510201,100,99.8,28.2,6.7,0,0,0,0,0,0,0
0,d_19510301,100,100,78.8,24.6,2.7,0,0,0,0,0,0
0,d_19510401,100.1,98.8,45.1,11.6,0,0,0,0,0,0,0
0,d_19510501,100,99.9,50.9,13,0.2,0,0,0,0,0,0
0,d_19510601,100,100,58.3,16.5,0.8,0,0,0,0,0,0
0,d_19510701,100,98.8,50.7,14.5,0.9,0,0,0,0,0,0
0,d_19510801,99.9,97.3,30.5,6.3,0,0,0,0,0,0,0
7.3,d_19510901,92.7,28.8,0.1,0,0,0,0,0,0,0,0
3.8,d_19511001,96.1,38.7,2.3,0,0,0,0,0,0,0,0
82,d_19511101,18,5.3,0,0,0,0,0,0,0,0,0
3.8,d_19511201,0,0,0,0,0,0,96.2,91.3,30.8,0.5,0
0,d_19520101,0,0,0,0,0,0,100,100,100,92.9,2.5
0,d_19520201,0,0,0,0,0,0,100,99.4,29.5,0,0
0,d_19520301,0,0,0,0,0,0,100,100,98.5,55.3,0.2
0,d_19520401,0,0,0,0,0,0,100,100,98.5,68.9,0.2
0,d_19520501,0,0,0,0,0,0,100,100,96.9,62.6,0.2
0,d_19520601,0,0,0,0,0,0,100,100,97,62.2,0.2
0,d_19520701,0,0,0,0,0,0,100,100,98.9,72.2,0.4
0,d_19520801,0,0,0,0,0,0,100.1,100.1,99.8,59.6,0.2
0,d_19520901,0,0,0,0,0,0,100,100,50.4,3.8,0
75.3,d_19521001,0,0,0,0,0,0,24.6,1.9,0,0,0
0,d_19521101,0,0,0,0,0,0,100.1,100.1,98.4,65.7,0.2
0,d_19521201,0,0,0,0,0,0,100,82.5,0,0,0
100,d_19530101,0,0,0,0,0,0,0,0,0,0,0
79.3,d_19530201,20.7,0,0,0,0,0,0,0,0,0,0
4.8,d_19530301,95.1,26.1,0,0,0,0,0,0,0,0,0
9.6,d_19530401,90.5,10.9,0,0,0,0,0,0,0,0,0
3.4,d_19530501,96.6,28.7,0,0,0,0,0,0,0,0,0
1.6,d_19530601,98.4,22.6,0,0,0,0,0,0,0,0,0
13.6,d_19530701,86.4,1.9,0,0,0,0,0,0,0,0,0
0,d_19530801,100,99.3,0.2,0,0,0,0,0,0,0,0
0,d_19530901,100,100,94.5,38.1,0,0,0,0,0,0,0
0,d_19531001,100,100,97.2,34.2,0,0,0,0,0,0,0
4.9,d_19531101,95.2,84.5,15.3,0,0,0,0,0,0,0,0
4.3,d_19531201,95.7,92.2,22.7,0.7,0,0,0,0,0,0,0
99.3,d_19540101,0,0,0,0,0,0,0.7,0,0,0,0
100,d_19540201,0,0,0,0,0,0,0,0,0,0,0
100,d_19540301,0,0,0,0,0,0,0,0,0,0,0
100,d_19540401,0,0,0,0,0,0,0,0,0,0,0
100,d_19540501,0,0,0,0,0,0,0,0,0,0,0
100,d_19540601,0,0,0,0,0,0,0,0,0,0,0
100,d_19540701,0,0,0,0,0,0,0,0,0,0,0
100,d_19540801,0,0,0,0,0,0,0,0,0,0,0
72.5,d_19540901,0,0,0,0,0,0,27.5,0,0,0,0
94.3,d_19541001,5.7,0,0,0,0,0,0,0,0,0,0
96.9,d_19541101,0.6,0,0,0,0,0,2.5,0,0,0,0
1.2,d_19541201,98.9,86.8,0.2,0,0,0,0,0,0,0,0
100,d_19550101,0,0,0,0,0,0,0,0,0,0,0
95.8,d_19550201,4.2,0,0,0,0,0,0,0,0,0,0
8.1,d_19550301,91.9,9.9,0,0,0,0,0,0,0,0,0
38.7,d_19550401,61.3,1.3,0,0,0,0,0,0,0,0,0
79.6,d_19550501,20.4,0,0,0,0,0,0,0,0,0,0
89.3,d_19550601,10.7,0,0,0,0,0,0,0,0,0,0
98.5,d_19550701,1.5,0,0,0,0,0,0,0,0,0,0
88.8,d_19550801,11.2,0,0,0,0,0,0,0,0,0,0
97.4,d_19550901,2.6,0,0,0,0,0,0,0,0,0,0
7.5,d_19551001,92.5,33,3.8,1.2,0,0,0,0,0,0,0
65.6,d_19551101,34.4,19,3.4,2,0.1,0,0,0,0,0,0
83,d_19551201,7.9,3.1,0,0,0,0,9.1,0.1,0,0,0
39.5,d_19560101,0,0,0,0,0,0,60.5,29,0,0,0
87,d_19560201,13,2.3,0,0,0,0,0,0,0,0,0
44.3,d_19560301,55.7,26.3,1,0,0,0,0,0,0,0,0
82.3,d_19560401,17.7,1.8,0,0,0,0,0,0,0,0,0
87.1,d_19560501,12.9,2.2,0,0,0,0,0,0,0,0,0
91.9,d_19560601,8,1.3,0,0,0,0,0,0,0,0,0
96.7,d_19560701,3.3,0,0,0,0,0,0,0,0,0,0
97.8,d_19560801,2.2,0,0,0,0,0,0,0,0,0,0
96.5,d_19560901,0.1,0,0,0,0,0,3.3,0,0,0,0
16,d_19561001,84,26.9,0,0,0,0,0,0,0,0,0
31.3,d_19561101,68.7,23.6,0,0,0,0,0,0,0,0,0
68.9,d_19561201,31.1,3.5,0,0,0,0,0,0,0,0,0
99.9,d_19570101,0.1,0,0,0,0,0,0,0,0,0,0
55.4,d_19570201,44.6,0,0,0,0,0,0,0,0,0,0
16,d_19570301,84,17.3,0,0,0,0,0,0,0,0,0
19.3,d_19570401,80.7,12.4,0,0,0,0,0,0,0,0,0
37.4,d_19570501,62.6,1,0,0,0,0,0,0,0,0,0
57.7,d_19570601,42.3,0,0,0,0,0,0,0,0,0,0
70.5,d_19570701,29.5,0,0,0,0,0,0,0,0,0,0
100,d_19570801,0,0,0,0,0,0,0,0,0,0,0
97.8,d_19570901,0,0,0,0,0,0,2.2,0,0,0,0
100,d_19571001,0,0,0,0,0,0,0,0,0,0,0
99.3,d_19571101,0.7,0,0,0,0,0,0,0,0,0,0
3.1,d_19571201,0,0,0,0,0,0,96.9,81.1,0.5,0,0
56.2,d_19580101,0,0,0,0,0,0,43.7,0.3,0,0,0
0.6,d_19580201,0,0,0,0,0,0,99.4,69.3,0,0,0
0,d_19580301,0,0,0,0,0,0,99.9,99,1.1,0,0
0,d_19580401,0,0,0,0,0,0,100,100,84.7,4.8,0
0,d_19580501,0,0,0,0,0,0,99.9,99.9,86.9,4.6,0
0,d_19580601,0,0,0,0,0,0,100.1,100.1,88.6,5.1,0
0,d_19580701,0,0,0,0,0,0,100,100,56.2,0.7,0
0,d_19580801,0,0,0,0,0,0,100,100,76.9,4.6,0
0,d_19580901,0,0,0,0,0,0,100,100,20.8,0,0
0,d_19581001,0,0,0,0,0,0,100,100,100,51.6,0
0,d_19581101,0,0,0,0,0,0,99.9,99.9,54,0.3,0
98.7,d_19581201,1.3,0,0,0,0,0,0,0,0,0,0
0,d_19590101,99.9,98.4,44.3,3,0,0,0,0,0,0,0
22.1,d_19590201,77.9,4.5,0,0,0,0,0,0,0,0,0
0,d_19590301,100,98.4,1.9,0,0,0,0,0,0,0,0
0,d_19590401,99.9,99.6,5.9,0,0,0,0,0,0,0,0
0,d_19590501,100,100,41.5,0.7,0,0,0,0,0,0,0
0,d_19590601,100,100,54.9,1.5,0,0,0,0,0,0,0
0,d_19590701,100,100,51.3,2.2,0,0,0,0,0,0,0
0,d_19590801,100,99.9,3.3,0,0,0,0,0,0,0,0
55.4,d_19590901,44.6,0.2,0,0,0,0,0,0,0,0,0
41.4,d_19591001,58.5,1.5,0,0,0,0,0,0,0,0,0
0,d_19591101,100,100,100,99.2,97.2,0,0,0,0,0,0
1,d_19591201,99,94.4,43.5,2.8,0,0,0,0,0,0,0
12.3,d_19600101,87.7,15.4,0,0,0,0,0,0,0,0,0
16.3,d_19600201,83.7,24.2,0,0,0,0,0,0,0,0,0
0.3,d_19600301,99.7,88.2,1.5,0,0,0,0,0,0,0,0
0.9,d_19600401,99.1,76.6,0,0,0,0,0,0,0,0,0
0.4,d_19600501,99.6,87.7,2.4,0,0,0,0,0,0,0,0
0.4,d_19600601,99.6,91.3,3.2,0,0,0,0,0,0,0,0
3.3,d_19600701,96.7,81.1,0.2,0,0,0,0,0,0,0,0
15.7,d_19600801,84.3,29.5,0,0,0,0,0,0,0,0,0
46.1,d_19600901,53.9,12.1,0,0,0,0,0,0,0,0,0
10.1,d_19601001,89.8,50.4,0,0,0,0,0,0,0,0,0
89.9,d_19601101,10.1,0.2,0,0,0,0,0,0,0,0,0
90.7,d_19601201,9.3,0,0,0,0,0,0,0,0,0,0
12.7,d_19610101,87.3,22.5,0.3,0,0,0,0,0,0,0,0
0,d_19610201,100.1,99,56.5,3.3,0.2,0,0,0,0,0,0
0,d_19610301,99.9,99.5,93,42.1,2.4,0,0,0,0,0,0
0,d_19610401,100.1,100.1,96,81.3,3.2,0,0,0,0,0,0
0,d_19610501,100,100,96.7,90.9,14.6,0,0,0,0,0,0
0,d_19610601,100.1,100,96.3,88.2,8,0,0,0,0,0,0
0,d_19610701,100.1,99.7,95.3,81.4,12.4,0,0,0,0,0,0
0,d_19610801,100.1,100.1,100.1,100,96.8,0,0,0,0,0,0
0,d_19610901,99.9,99.9,98.6,92.6,10.8,0,0,0,0,0,0
0,d_19611001,99.9,99.9,99.3,97.2,72.9,0,0,0,0,0,0
10.6,d_19611101,89.4,61.9,1.8,0,0,0,0,0,0,0,0
97.5,d_19611201,2.5,0,0,0,0,0,0,0,0,0,0
99.7,d_19620101,0,0,0,0,0,0,0.3,0,0,0,0
0,d_19620201,0,0,0,0,0,0,99.9,99.3,31.6,4.8,0
0.5,d_19620301,0,0,0,0,0,0,99.5,71.6,5.9,0,0
6.2,d_19620401,0,0,0,0,0,0,93.8,44.6,1.1,0,0
13.9,d_19620501,0,0,0,0,0,0,86.1,38.4,0.3,0,0
10.2,d_19620601,0,0,0,0,0,0,89.8,40.8,0.4,0,0
2.7,d_19620701,0,0,0,0,0,0,97.3,58.2,4,0,0
13,d_19620801,0,0,0,0,0,0,87,36,0,0,0
10.7,d_19620901,0,0,0,0,0,0,89.3,45.3,0,0,0
6.1,d_19621001,0,0,0,0,0,0,93.9,68.8,6.4,0,0
0,d_19621101,100.1,100.1,100.1,99,20.4,0,0,0,0,0,0
0,d_19621201,100,100,100,100,100,0,0,0,0,0,0
0,d_19630101,100,100,100,100,100,0,0,0,0,0,0
0,d_19630201,100,100,68.9,37.9,6.3,0,0,0,0,0,0
0,d_19630301,100,99.3,52.1,9.5,0,0,0,0,0,0,0
0,d_19630401,100,91.9,16,1.2,0,0,0,0,0,0,0
0,d_19630501,99.9,97.7,32,4.9,0,0,0,0,0,0,0
0,d_19630601,100.1,92.9,9.7,0,0,0,0,0,0,0,0
0,d_19630701,100,86.3,6.1,0,0,0,0,0,0,0,0
13.4,d_19630801,86.7,36.3,0,0,0,0,0,0,0,0,0
100,d_19630901,0,0,0,0,0,0,0,0,0,0,0
31.1,d_19631001,0,0,0,0,0,0,68.9,6.6,0,0,0
1.7,d_19631101,0,0,0,0,0,0,98.3,70.6,4.4,1.2,0
69.5,d_19631201,0,0,0,0,0,0,30.4,4.5,0.4,0,0
99.4,d_19640101,0,0,0,0,0,0,0.6,0,0,0,0
26,d_19640201,74,28.5,0,0,0,0,0,0,0,0,0
8.1,d_19640301,91.9,51.3,0,0,0,0,0,0,0,0,0
14.3,d_19640401,85.6,38.9,0,0,0,0,0,0,0,0,0
7.8,d_19640501,92.3,55.4,0,0,0,0,0,0,0,0,0
0.1,d_19640601,99.9,86.7,2.6,0,0,0,0,0,0,0,0
0,d_19640701,100,100,4.8,0,0,0,0,0,0,0,0
0,d_19640801,100,100,76.6,15.6,0.5,0,0,0,0,0,0
0,d_19640901,100.1,71.8,1.3,0,0,0,0,0,0,0,0
0,d_19641001,100,82.9,3.8,0.3,0,0,0,0,0,0,0
97.6,d_19641101,2.4,1,0,0,0,0,0,0,0,0,0
97.5,d_19641201,1.1,1,0,0,0,0,1.4,0,0,0,0
55.4,d_19650101,44.6,2.9,0,0,0,0,0,0,0,0,0
0,d_19650201,100,99.5,5.9,1,0,0,0,0,0,0,0
0,d_19650301,100,100,26.3,0,0,0,0,0,0,0,0
79.3,d_19650401,20.7,0,0,0,0,0,0,0,0,0,0
47.9,d_19650501,52.1,0,0,0,0,0,0,0,0,0,0
66.6,d_19650601,33.4,0,0,0,0,0,0,0,0,0,0
92.1,d_19650701,7.9,0,0,0,0,0,0,0,0,0,0
63.7,d_19650801,36.3,0,0,0,0,0,0,0,0,0,0
99.4,d_19650901,0.6,0,0,0,0,0,0,0,0,0,0
100,d_19651001,0,0,0,0,0,0,0,0,0,0,0
0,d_19651101,0,0,0,0,0,0,100.1,100.1,100.1,100,24
0,d_19651201,0,0,0,0,0,0,100,100,100,100,100
0,d_19660101,0,0,0,0,0,0,99.9,99.9,29.9,2.4,0
0,d_19660201,0,0,0,0,0,0,100,52.6,0,0,0
68.1,d_19660301,0,0,0,0,0,0,31.8,2.7,0,0,0
94.5,d_19660401,0,0,0,0,0,0,5.5,0,0,0,0
100,d_19660501,0,0,0,0,0,0,0,0,0,0,0
100,d_19660601,0,0,0,0,0,0,0,0,0,0,0
98.7,d_19660701,0,0,0,0,0,0,1.3,0,0,0,0
6.3,d_19660801,93.8,29.4,0,0,0,0,0,0,0,0,0
0,d_19660901,100,100,96.9,38.3,0,0,0,0,0,0,0
0,d_19661001,100,100,98.4,43.1,0,0,0,0,0,0,0
45.9,d_19661101,54.1,28.9,2.5,0.3,0,0,0,0,0,0,0
2.8,d_19661201,0,0,0,0,0,0,97.2,94,15.4,0.2,0
0.4,d_19670101,0,0,0,0,0,0,99.7,96.2,28.6,0.3,0
20.4,d_19670201,0,0,0,0,0,0,79.6,8.8,0,0,0
30.4,d_19670301,0,0,0,0,0,0,69.7,6.2,0,0,0
3.4,d_19670401,0,0,0,0,0,0,96.6,81.2,1.3,0,0
3.2,d_19670501,0,0,0,0,0,0,96.7,80.4,1.6,0,0
3.8,d_19670601,0,0,0,0,0,0,96.2,76.5,1.3,0,0
2.5,d_19670701,0,0,0,0,0,0,97.5,90.7,6.5,0,0
7.7,d_19670801,0,0,0,0,0,0,92.2,40.3,0.5,0,0
72.4,d_19670901,0,0,0,0,0,0,27.6,0,0,0,0
96.3,d_19671001,2.5,0.3,0,0,0,0,1.2,0,0,0,0
0,d_19671101,0,0,0,0,0,0,100.1,100.1,98.3,91.2,36.3
0,d_19671201,0,0,0,0,0,0,100,100,96.5,72,3.5
87.3,d_19680101,0,0,0,0,0,0,12.7,0,0,0,0
99.6,d_19680201,0.4,0,0,0,0,0,0,0,0,0,0
100,d_19680301,0,0,0,0,0,0,0,0,0,0,0
99,d_19680401,1,0,0,0,0,0,0,0,0,0,0
93.7,d_19680501,6.3,0,0,0,0,0,0,0,0,0,0
82.9,d_19680601,17.1,0,0,0,0,0,0,0,0,0,0
99,d_19680701,1,0,0,0,0,0,0,0,0,0,0
0,d_19680801,100,99.7,3.1,0,0,0,0,0,0,0,0
0,d_19680901,100,94.7,0,0,0,0,0,0,0,0,0
7.9,d_19681001,92.1,20.3,0,0,0,0,0,0,0,0,0
29.8,d_19681101,70.2,14.9,0,0,0,0,0,0,0,0,0
0.1,d_19681201,99.9,93.8,1.7,0,0,0,0,0,0,0,0
0,d_19690101,0,0,0,0,0,0,99.9,98.1,79,38,0
0,d_19690201,0,0,0,0,0,0,100,100,100,97.1,68.1
0,d_19690301,0,0,0,0,0,0,100,100,96.9,74.6,6.3
0,d_19690401,0,0,0,0,0,0,100.1,100.1,94.1,69.5,2.7
0,d_19690501,0,0,0,0,0,0,100,100,92.3,69.5,3.9
0,d_19690601,0,0,0,0,0,0,100,100,95.2,71.9,4.2
0,d_19690701,0,0,0,0,0,0,100.1,100.1,99.2,80.6,14.6
0,d_19690801,0,0,0,0,0,0,100.1,100.1,99.7,87.5,17.5
0,d_19690901,0,0,0,0,0,0,100,100,100,95.7,33.6
4.2,d_19691001,0,0,0,0,0,0,95.8,68.5,3.4,0,0
17.6,d_19691101,82.4,18.2,0,0,0,0,0,0,0,0,0
0.5,d_19691201,99.6,72.9,1.2,0,0,0,0,0,0,0,0
2.5,d_19700101,97.4,95.6,2.5,0,0,0,0,0,0,0,0
4.4,d_19700201,95.7,58.9,0.4,0,0,0,0,0,0,0,0
12.8,d_19700301,87.2,12.6,0.3,0,0,0,0,0,0,0,0
3.5,d_19700401,96.6,69.5,2.4,0,0,0,0,0,0,0,0
2.9,d_19700501,97.3,87.8,3.1,0.3,0,0,0,0,0,0,0
3.2,d_19700601,96.8,83.5,2.6,0.3,0,0,0,0,0,0,0
4.2,d_19700701,95.8,54.6,0.4,0,0,0,0,0,0,0,0
3.5,d_19700801,96.4,72.8,3.5,0.1,0,0,0,0,0,0,0
74.3,d_19700901,25.7,4.5,0,0,0,0,0,0,0,0,0
89,d_19701001,11,3.3,1.3,0,0,0,0,0,0,0,0
8,d_19701101,0.9,0,0,0,0,0,91,41.3,0.3,0,0
1,d_19701201,0,0,0,0,0,0,99,96.1,36.8,2.5,0
20.4,d_19710101,0,0,0,0,0,0,79.6,22.6,0,0,0
98.1,d_19710201,1.1,0.2,0,0,0,0,0.9,0,0,0,0
97.9,d_19710301,2,1,0,0,0,0,0,0,0,0,0
93.2,d_19710401,6.8,1,0,0,0,0,0,0,0,0,0
94.6,d_19710501,5.4,1,0,0,0,0,0,0,0,0,0
96.4,d_19710601,3.6,1,0,0,0,0,0,0,0,0,0
98.9,d_19710701,1,1,0,0,0,0,0,0,0,0,0
0,d_19710801,100,69.8,1,0,0,0,0,0,0,0,0
0,d_19710901,99.9,99.9,96.6,18.2,0,0,0,0,0,0,0
0,d_19711001,99.9,99.9,37.2,1,0,0,0,0,0,0,0
0,d_19711101,100,100,77.8,1.5,0,0,0,0,0,0,0
5.6,d_19711201,0,0,0,0,0,0,94.4,68.5,4.4,0.4,0
95.8,d_19720101,0.3,0,0,0,0,0,3.9,0,0,0,0
33.8,d_19720201,66.3,8.3,0,0,0,0,0,0,0,0,0
0.2,d_19720301,99.8,88,5.4,1.2,0,0,0,0,0,0,0
0,d_19720401,100,98.2,33.9,3.2,0,0,0,0,0,0,0
0,d_19720501,100,99.2,53.5,5.9,0.4,0,0,0,0,0,0
0,d_19720601,100,97.9,41.9,3.2,0,0,0,0,0,0,0
0,d_19720701,100,95.4,42.7,3.1,0,0,0,0,0,0,0
3,d_19720801,97.1,73.4,2.5,0,0,0,0,0,0,0,0
0,d_19720901,100,100,100,100,99.3,0,0,0,0,0,0
0,d_19721001,100,100,100,95.1,80.8,0,0,0,0,0,0
26.9,d_19721101,73.1,32.3,0,0,0,0,0,0,0,0,0
99.7,d_19721201,0,0,0,0,0,0,0.3,0,0,0,0
87.2,d_19730101,0,0,0,0,0,0,12.8,0.2,0,0,0
0,d_19730201,0,0,0,0,0,0,100,91.2,1.7,0,0
0.9,d_19730301,0,0,0,0,0,0,99,88.4,0.7,0,0
1,d_19730401,0,0,0,0,0,0,98.9,40.2,0,0,0
3.7,d_19730501,0,0,0,0,0,0,96.3,24.5,0,0,0
2.4,d_19730601,0,0,0,0,0,0,97.7,26.2,0,0,0
1,d_19730701,0,0,0,0,0,0,98.9,43.5,0,0,0
19.3,d_19730801,0,0,0,0,0,0,80.8,0.2,0,0,0
1.1,d_19730901,0,0,0,0,0,0,98.9,13.1,0,0,0
1,d_19731001,0,0,0,0,0,0,99,20.9,0,0,0
99,d_19731101,1,0.4,0,0,0,0,0,0,0,0,0
0,d_19731201,100,94.1,25.1,0.9,0,0,0,0,0,0,0
31.2,d_19740101,0,0,0,0,0,0,68.8,6.8,0,0,0
99.8,d_19740201,0.2,0,0,0,0,0,0,0,0,0,0
100,d_19740301,0,0,0,0,0,0,0,0,0,0,0
99.8,d_19740401,0.2,0,0,0,0,0,0,0,0,0,0
99.7,d_19740501,0.3,0,0,0,0,0,0,0,0,0,0
100,d_19740601,0,0,0,0,0,0,0,0,0,0,0
99.8,d_19740701,0,0,0,0,0,0,0.2,0,0,0,0
100,d_19740801,0,0,0,0,0,0,0,0,0,0,0
99.3,d_19740901,0,0,0,0,0,0,0.7,0,0,0,0
23.1,d_19741001,76.9,2.2,0,0,0,0,0,0,0,0,0
96.7,d_19741101,3.3,0,0,0,0,0,0,0,0,0,0
93.9,d_19741201,0,0,0,0,0,0,6.1,2.5,0,0,0
40.2,d_19750101,59.8,1.7,0,0,0,0,0,0,0,0,0
31.7,d_19750201,68.4,2.1,0,0,0,0,0,0,0,0,0
99.1,d_19750301,0.8,0,0,0,0,0,0.1,0,0,0,0
95.7,d_19750401,0,0,0,0,0,0,4.3,0,0,0,0
95.5,d_19750501,0.9,0,0,0,0,0,3.6,0,0,0,0
96,d_19750601,0.2,0,0,0,0,0,3.8,0,0,0,0
85.7,d_19750701,11.8,0.2,0,0,0,0,2.5,0,0,0,0
95.3,d_19750801,1.3,0,0,0,0,0,3.3,1.4,0,0,0
95.8,d_19750901,4.1,0,0,0,0,0,0.1,0,0,0,0
86,d_19751001,0,0,0,0,0,0,14,1.5,0,0,0
89.2,d_19751101,0,0,0,0,0,0,10.8,4.3,0,0,0
1.9,d_19751201,98.1,94.1,11.4,1.3,0,0,0,0,0,0,0
0,d_19760101,100,100,100,100,99.4,0,0,0,0,0,0
2.8,d_19760201,97.1,93.2,26.4,1.3,0,0,0,0,0,0,0
0.5,d_19760301,99.6,96.4,34.9,2.2,0,0,0,0,0,0,0
0.6,d_19760401,99.4,96.4,29.5,1.5,0,0,0,0,0,0,0
0.4,d_19760501,99.5,97.4,46.9,5,0,0,0,0,0,0,0
0.5,d_19760601,99.5,96.8,37.2,2.2,0,0,0,0,0,0,0
0.4,d_19760701,99.5,95.7,32.9,1.8,0,0,0,0,0,0,0
2.9,d_19760801,97,72,0.8,0,0,0,0,0,0,0,0
98.3,d_19760901,1.7,0,0,0,0,0,0,0,0,0,0
84.8,d_19761001,0,0,0,0,0,0,15.3,0.5,0,0,0
79.6,d_19761101,20.4,0,0,0,0,0,0,0,0,0,0
52.9,d_19761201,47,8,0,0,0,0,0,0,0,0,0
98.2,d_19770101,1.8,1,0,0,0,0,0,0,0,0,0
29.2,d_19770201,70.8,7.8,1,0,0,0,0,0,0,0,0
12.4,d_19770301,87.6,35.2,1.8,0.2,0,0,0,0,0,0,0
0.5,d_19770401,99.5,72.8,2.7,1,0,0,0,0,0,0,0
13.4,d_19770501,86.6,35.2,1.2,0,0,0,0,0,0,0,0
0,d_19770601,100,83,2.5,1.2,0,0,0,0,0,0,0
0.2,d_19770701,99.7,80.7,2.5,1.3,0,0,0,0,0,0,0
76.2,d_19770801,7.3,0,0,0,0,16.5,0,0,0,0,0
95.1,d_19770901,4.9,0.8,0,0,0,0,0,0,0,0,0
3.1,d_19771001,96.9,75,0,0,0,0,0,0,0,0,0
21.9,d_19771101,78.1,20.9,0,0,0,0,0,0,0,0,0
22,d_19771201,0,0,0,0,0,0,77.9,37.2,0.4,0,0
0,d_19780101,0,0,0,0,0,0,100,100,83.7,1.5,0
0,d_19780201,0,0,0,0,0,0,100,100,100,88.3,0.7
0,d_19780301,0,0,0,0,0,0,100,100,100,100,94
0,d_19780401,0,0,0,0,0,0,100,100,100,100,99.2
0,d_19780501,0,0,0,0,0,0,100,100,100,100,93.8
0,d_19780601,0,0,0,0,0,0,100,100,100,100,94.2
0,d_19780701,0,0,0,0,0,0,100,100,100,100,100
0,d_19780801,0,0,0,0,0,0,100,100,100,100,100
0,d_19780901,0,0,0,0,0,0,100,100,100,100,97.1
0,d_19781001,0,0,0,0,0,0,100,100,100,100,95.6
0,d_19781101,0,0,0,0,0,0,100,100,100,100,91.7
17.4,d_19781201,0,0,0,0,0,0,82.6,15.9,0,0,0
0,d_19790101,0,0,0,0,0,0,100,96.1,5.2,0,0
0,d_19790201,0,0,0,0,0,0,100,70.8,0,0,0
0,d_19790301,0,0,0,0,0,0,100,98.5,17.2,0,0
1.1,d_19790401,0,0,0,0,0,0,98.9,94.2,1.5,0,0
1.4,d_19790501,0,0,0,0,0,0,98.6,88.5,2.1,0,0
1.5,d_19790601,0,0,0,0,0,0,98.5,64.4,0,0,0
1.5,d_19790701,0,0,0,0,0,0,98.4,86,0.3,0,0
1.8,d_19790801,0,0,0,0,0,0,98.1,59.9,0,0,0
1.5,d_19790901,0,0,0,0,0,0,98.5,81.2,0,0,0
74.6,d_19791001,0,0,0,0,0,0,25.4,0.5,0,0,0
91.6,d_19791101,0,0,0,0,0,0,8.4,1,0,0,0
0,d_19791201,99.9,99.8,94.3,58.8,2,0,0,0,0,0,0
59,d_19800101,0,0,0,0,0,0,41,2.8,0,0,0
0,d_19800201,0,0,0,0,0,0,100,98.7,84.6,61.9,0.7
0,d_19800301,0,0,0,0,0,0,100,98.1,84.2,67.6,0.3
0,d_19800401,0,0,0,0,0,0,99.9,97.1,82.4,51.9,0
0,d_19800501,0,0,0,0,0,0,100,97.2,86.2,64.8,0
0,d_19800601,0,0,0,0,0,0,99.9,97.1,86.3,64.1,0
0,d_19800701,0,0,0,0,0,0,100,98.3,88.7,71.9,0.9
0,d_19800801,0,0,0,0,0,0,100,100,90.4,75.4,1.5
0,d_19800901,0,0,0,0,0,0,100.1,100.1,94.6,87.8,37.7
0,d_19801001,0,0,0,0,0,0,100,99.8,89.2,71.5,1.7
88.4,d_19801101,11.6,1.4,0,0,0,0,0,0,0,0,0
0,d_19801201,100.1,100.1,94,58.9,1.7,0,0,0,0,0,0
0,d_19810101,100,83.1,3.8,1.5,0,0,0,0,0,0,0
0,d_19810201,100.1,100.1,26.7,1.9,0,0,0,0,0,0,0
3.3,d_19810301,96.7,17.6,0,0,0,0,0,0,0,0,0
1,d_19810401,98.9,37.8,0,0,0,0,0,0,0,0,0
1,d_19810501,99,70.4,0,0,0,0,0,0,0,0,0
1.1,d_19810601,98.8,57.8,0,0,0,0,0,0,0,0,0
3.7,d_19810701,96.3,22.9,0,0,0,0,0,0,0,0,0
65.7,d_19810801,34.3,0,0,0,0,0,0,0,0,0,0
99,d_19810901,0,0,0,0,0,0,1,0,0,0,0
98.8,d_19811001,0.2,0,0,0,0,0,1,0,0,0,0
25.2,d_19811101,0,0,0,0,0,0,74.8,10.6,1.6,0,0
53.1,d_19811201,46.9,5.2,0,0,0,0,0,0,0,0,0
97.6,d_19820101,2.4,0,0,0,0,0,0,0,0,0,0
31.1,d_19820201,68.9,12.7,0,0,0,0,0,0,0,0,0
98.8,d_19820301,1.2,0,0,0,0,0,0,0,0,0,0
85.5,d_19820401,0,0,0,0,0,0,14.5,0.4,0,0,0
84.3,d_19820501,0.5,0,0,0,0,0,15.2,1.9,0,0,0
83,d_19820601,0,0,0,0,0,0,17,2.6,0,0,0
80.5,d_19820701,0.2,0,0,0,0,0,19.3,2.1,0,0,0
93.4,d_19820801,1.4,0,0,0,0,0,5.2,1.6,0,0,0
48.9,d_19820901,0,0,0,0,0,0,51.2,13.5,0.8,0,0
42.3,d_19821001,0,0,0,0,0,0,57.6,22.7,1.2,0,0
0,d_19821101,0,0,0,0,0,0,99.9,99.9,96.7,93.9,43.9
1.5,d_19821201,0,0,0,0,0,0,98.5,95.2,41.6,4.5,0
1,d_19830101,0,0,0,0,0,0,99,98.3,16.8,0,0
0,d_19830201,0,0,0,0,0,0,100,100,33.7,2.2,0
0,d_19830301,0,0,0,0,0,0,100,100,100,100,28.5
0,d_19830401,0,0,0,0,0,0,100,100,100,100,86
0,d_19830501,0,0,0,0,0,0,100,100,100,100,88.2
0,d_19830601,0,0,0,0,0,0,100,100,100,99.6,78
0,d_19830701,0,0,0,0,0,0,100,100,100,100,87.9
0,d_19830801,0,0,0,0,0,0,100,100,100,94.4,14.6
0,d_19830901,0,0,0,0,0,0,100,100,100,98.9,44.8
0,d_19831001,0,0,0,0,0,0,100,100,100,100,90.4
0,d_19831101,0,0,0,0,0,0,100,100,100,100,100
0,d_19831201,0,0,0,0,0,0,100,100,95.8,84.6,14.6
57,d_19840101,0,0,0,0,0,0,43,4.2,0,0,0
95.9,d_19840201,2.9,0,0,0,0,0,1.2,0,0,0,0
32.8,d_19840301,67.2,6.2,0,0,0,0,0,0,0,0,0
19.8,d_19840401,80.1,21.7,0,0,0,0,0,0,0,0,0
2,d_19840501,98,71.7,2.1,0,0,0,0,0,0,0,0
1.5,d_19840601,98.4,95.6,7.7,0.3,0,0,0,0,0,0,0
1.5,d_19840701,98.5,98.5,58,7.1,0,0,0,0,0,0,0
0,d_19840801,100,100,88.7,71.3,6.2,0,0,0,0,0,0
0,d_19840901,100.1,100.1,96.9,91.5,80.7,0,0,0,0,0,0
0,d_19841001,100,99.3,90.9,84.4,58.5,0,0,0,0,0,0
12.9,d_19841101,87.1,60.4,1.5,0,0,0,0,0,0,0,0
4,d_19841201,0,0,0,0,0,0,96.1,90.6,29,13.4,0
46.4,d_19850101,0,0,0,0,0,0,53.6,27.3,0.7,0,0
78.8,d_19850201,3.3,0,0,0,0,0,17.9,1,0,0,0
94.7,d_19850301,5.1,3.1,0,0,0,0,0.2,0,0,0,0
85.2,d_19850401,14.8,4.5,0,0,0,0,0,0,0,0,0
67.1,d_19850501,32.9,5.2,0.8,0,0,0,0,0,0,0,0
61.2,d_19850601,38.7,5.3,0.3,0,0,0,0,0,0,0,0
82,d_19850701,18,4.5,0,0,0,0,0,0,0,0,0
51.6,d_19850801,48.3,6.8,1.3,0,0,0,0,0,0,0,0
0,d_19850901,100,100,80.1,43.9,8.1,0,0,0,0,0,0
0,d_19851001,100,98.3,44.8,19.1,0.3,0,0,0,0,0,0
91.7,d_19851101,5.7,0,0,0,0,0,2.6,0,0,0,0
94,d_19851201,4.2,0.5,0,0,0,0,1.9,0,0,0,0
95,d_19860101,0,0,0,0,0,0,5,0,0,0,0
54.6,d_19860201,0,0,0,0,0,0,45.4,5.8,0,0,0
27.7,d_19860301,0,0,0,0,0,0,72.3,31.3,0,0,0
33.8,d_19860401,0,0,0,0,0,0,66.1,18.8,0,0,0
40,d_19860501,0,0,0,0,0,0,60,14.3,0,0,0
41.8,d_19860601,0,0,0,0,0,0,58.2,13.2,0,0,0
35.9,d_19860701,0,0,0,0,0,0,64,19.9,0,0,0
89.2,d_19860801,0,0,0,0,0,0,10.8,0,0,0,0
31.2,d_19860901,0,0,0,0,0,0,68.8,20.7,0,0,0
25.4,d_19861001,0,0,0,0,0,0,74.6,45,0,0,0
38,d_19861101,0,0,0,0,0,0,62,6.3,0,0,0
10.9,d_19861201,89.1,16.1,1,0,0,0,0,0,0,0,0
33.3,d_19870101,66.8,21.4,0,0,0,0,0,0,0,0,0
1,d_19870201,99,65.4,7.5,1.4,0,0,0,0,0,0,0
0,d_19870301,100,85.5,8.8,0,0,0,0,0,0,0,0
0,d_19870401,100,98.6,45,2.1,0,0,0,0,0,0,0
0,d_19870501,100,98.8,59.1,5.4,0,0,0,0,0,0,0
0,d_19870601,100,99.1,71.5,31,0,0,0,0,0,0,0
0,d_19870701,100,97.2,65,23.4,0,0,0,0,0,0,0
0,d_19870801,100.1,98.3,65.8,23.1,0,0,0,0,0,0,0
2.5,d_19870901,97.5,76.9,0.8,0,0,0,0,0,0,0,0
99,d_19871001,0.7,0,0,0,0,0,0.3,0,0,0,0
53.4,d_19871101,0,0,0,0,0,0,46.6,21.8,3,0,0
6.6,d_19871201,0,0,0,0,0,0,93.4,55.3,11.4,0,0
23.1,d_19880101,0,0,0,0,0,0,76.9,36.9,4.3,0,0
63.9,d_19880201,0,0,0,0,0,0,36.1,14.6,0,0,0
91.6,d_19880301,0,0,0,0,0,0,8.4,1.8,0,0,0
74.7,d_19880401,0,0,0,0,0,0,25.3,3.8,0,0,0
73.5,d_19880501,0,0,0,0,0,0,26.5,3.4,0,0,0
79.4,d_19880601,0,0,0,0,0,0,20.6,3.8,0,0,0
85,d_19880701,10,0,0,0,0,0,5,0,0,0,0
88.3,d_19880801,11.7,0,0,0,0,0,0,0,0,0,0
91.6,d_19880901,8.4,2.5,0,0,0,0,0,0,0,0,0
64.1,d_19881001,35.9,2.5,0,0,0,0,0,0,0,0,0
68.1,d_19881101,31.9,2.5,0.4,0,0,0,0,0,0,0,0
25.2,d_19881201,0,0,0,0,0,0,74.7,37.9,0,0,0
84.1,d_19890101,15.9,2.7,0,0,0,0,0,0,0,0,0
57,d_19890201,43,5.9,0.7,0,0,0,0,0,0,0,0
6.6,d_19890301,93.4,35.4,1,0,0,0,0,0,0,0,0
0,d_19890401,100,81.8,3.9,0.9,0,0,0,0,0,0,0
0,d_19890501,99.9,94.4,10.1,1,0,0,0,0,0,0,0
0,d_19890601,100,94.4,6.8,0.8,0,0,0,0,0,0,0
0,d_19890701,100.1,75.3,3.5,0.5,0,0,0,0,0,0,0
0.2,d_19890801,99.7,51.3,1.9,0,0,0,0,0,0,0,0
0,d_19890901,100.1,96,3.2,0.3,0,0,0,0,0,0,0
0,d_19891001,100,60.2,0,0,0,0,0,0,0,0,0
0,d_19891101,100,100,84,23.9,0.8,0,0,0,0,0,0
0,d_19891201,100.1,100.1,98.7,88.5,24,0,0,0,0,0,0
0,d_19900101,100,94.7,9,0,0,0,0,0,0,0,0
0.4,d_19900201,99.6,59.7,11.3,1.3,0,0,0,0,0,0,0
0,d_19900301,100,100,44.9,14.3,2,0,0,0,0,0,0
0,d_19900401,100,100,52.2,17.3,3.1,0,0,0,0,0,0
0,d_19900501,100,99.7,40.2,16.7,2.7,0,0,0,0,0,0
0,d_19900601,100,99.9,52.3,28.8,5.9,0,0,0,0,0,0
0,d_19900701,99.9,99.8,54.8,29,4.5,0,0,0,0,0,0
0,d_19900801,100.1,91.4,24.9,8.2,0,0,0,0,0,0,0
39.5,d_19900901,60.4,22.8,0.3,0,0,0,0,0,0,0,0
22.3,d_19901001,77.7,39.4,9.3,1.6,0,0,0,0,0,0,0
0,d_19901101,99.9,99.7,85.7,44.2,10.5,0,0,0,0,0,0
0,d_19901201,100,99.5,73.9,37.2,5.5,0,0,0,0,0,0
0,d_19910101,100.1,97.7,34.4,5.6,0,0,0,0,0,0,0
0,d_19910201,100,97,2.3,0,0,0,0,0,0,0,0
100,d_19910301,0,0,0,0,0,0,0,0,0,0,0
100,d_19910401,0,0,0,0,0,0,0,0,0,0,0
99.5,d_19910501,0.5,0,0,0,0,0,0,0,0,0,0
100,d_19910601,0,0,0,0,0,0,0,0,0,0,0
100,d_19910701,0,0,0,0,0,0,0,0,0,0,0
100,d_19910801,0,0,0,0,0,0,0,0,0,0,0
28.4,d_19910901,0,0,0,0,0,0,71.7,0.7,0,0,0
0,d_19911001,0,0,0,0,0,0,100,73.5,0,0,0
2.1,d_19911101,0,0,0,0,0,0,97.8,65.3,1.2,0,0
60.9,d_19911201,39.2,3.8,0,0,0,0,0,0,0,0,0
99.7,d_19920101,0.3,0,0,0,0,0,0,0,0,0,0
5,d_19920201,0,0,0,0,0,0,94.9,71.3,7.3,0,0
0,d_19920301,0,0,0,0,0,0,100,99.4,55.5,1,0
0,d_19920401,0,0,0,0,0,0,100,95.6,32.9,0.2,0
0,d_19920501,0,0,0,0,0,0,100,94.4,33.4,1,0
0,d_19920601,0,0,0,0,0,0,100,94.6,34.6,0.5,0
0,d_19920701,0,0,0,0,0,0,100,97.5,48.4,5.3,0
0,d_19920801,0,0,0,0,0,0,99.9,99.9,65,18.7,0
0,d_19920901,0,0,0,0,0,0,100,100,41.6,5.1,0
0,d_19921001,0,0,0,0,0,0,100,100,97.8,62.1,2
13,d_19921101,0,0,0,0,0,0,87,33.4,0,0,0
21.6,d_19921201,0,0,0,0,0,0,78.4,24.6,0,0,0
0,d_19930101,0,0,0,0,0,0,100,100,100,98.5,71.3
0,d_19930201,0,0,0,0,0,0,100,100,100,100,98
0,d_19930301,0,0,0,0,0,0,100,100,100,99.7,92.8
0,d_19930401,0,0,0,0,0,0,100,100,100,99,65.8
0,d_19930501,0,0,0,0,0,0,100,100,100,98.7,69.7
0,d_19930601,0,0,0,0,0,0,100,100,100,99.2,82.2
0,d_19930701,0,0,0,0,0,0,100,100,100,99.2,82.6
0,d_19930801,0,0,0,0,0,0,100,100,100,99.7,93.1
0,d_19930901,0,0,0,0,0,0,100,100,100,96.1,13.6
0.8,d_19931001,0,0,0,0,0,0,99.2,60.6,4.1,0,0
43.5,d_19931101,56.5,22.7,0,0,0,0,0,0,0,0,0
0,d_19931201,100,93.8,15.9,0,0,0,0,0,0,0,0
0,d_19940101,100,98,12.1,0,0,0,0,0,0,0,0
11.8,d_19940201,88.2,7.9,0,0,0,0,0,0,0,0,0
4.7,d_19940301,95.3,31.6,0,0,0,0,0,0,0,0,0
4,d_19940401,96,47.2,0,0,0,0,0,0,0,0,0
4.9,d_19940501,95.2,52.1,0,0,0,0,0,0,0,0,0
5.9,d_19940601,94.1,36.2,0,0,0,0,0,0,0,0,0
7.8,d_19940701,92.2,24.5,0,0,0,0,0,0,0,0,0
20.5,d_19940801,79.4,13.8,0,0,0,0,0,0,0,0,0
76.9,d_19940901,23.1,2.1,0,0,0,0,0,0,0,0,0
94.2,d_19941001,4.3,0,0,0,0,0,1.5,0,0,0,0
68.6,d_19941101,31.4,3.2,0,0,0,0,0,0,0,0,0
20.1,d_19941201,79.9,14.7,0,0,0,0,0,0,0,0,0
0,d_19950101,0,0,0,0,0,0,100,99.3,82.5,60.9,2.3
3.3,d_19950201,0,0,0,0,0,0,96.7,83.7,32.7,0.2,0
0,d_19950301,0,0,0,0,0,0,100,97.6,78.8,52.9,0
0,d_19950401,0,0,0,0,0,0,100,96.5,77.1,44.2,0
0,d_19950501,0,0,0,0,0,0,100,96.9,77.7,50.2,0.2
0,d_19950601,0,0,0,0,0,0,100.1,98.1,79.4,58.8,0.3
0,d_19950701,0,0,0,0,0,0,100,99.3,81.3,63.8,1.5
0,d_19950801,0,0,0,0,0,0,100,99.8,83.4,64.5,1.3
0,d_19950901,0,0,0,0,0,0,100,100,92.8,73.5,6.9
37.4,d_19951001,0,0,0,0,0,0,62.6,3.1,0,0,0
19.7,d_19951101,0,0,0,0,0,0,80.2,58.3,0.5,0,0
8.9,d_19951201,91.1,65.3,9.1,3.8,0,0,0,0,0,0,0
6,d_19960101,94,61,11.2,1.2,0,0,0,0,0,0,0
91,d_19960201,9,0,0,0,0,0,0,0,0,0,0
73.1,d_19960301,26.9,4.6,0,0,0,0,0,0,0,0,0
63.9,d_19960401,36,12.6,0,0,0,0,0,0,0,0,0
56,d_19960501,44,18.3,0,0,0,0,0,0,0,0,0
58.7,d_19960601,41.4,14.9,0,0,0,0,0,0,0,0,0
71.7,d_19960701,28.3,6.8,0,0,0,0,0,0,0,0,0
91.1,d_19960801,8.9,0.1,0,0,0,0,0,0,0,0,0
95.3,d_19960901,4.4,0,0,0,0,0,0.3,0,0,0,0
57.2,d_19961001,0,0,0,0,0,0,42.8,2.7,0,0,0
89,d_19961101,7.8,0,0,0,0,0,3.2,0,0,0,0
28.2,d_19961201,0,0,0,0,0,0,71.8,56.5,5.5,0.4,0
18.6,d_19970101,0,0,0,0,0,0,81.5,64.4,27.1,1.7,0
43.7,d_19970201,0.2,0,0,0,0,0,56.2,17.5,0.1,0,0
79.1,d_19970301,17.1,2.1,0,0,0,0,3.9,0.3,0,0,0
68.3,d_19970401,31.1,8.8,0,0,0,0,0.6,0,0,0,0
65.4,d_19970501,34.1,16.2,0,0,0,0,0.4,0,0,0,0
66.4,d_19970601,33.2,12.6,0,0,0,0,0.4,0,0,0,0
62.6,d_19970701,37.1,27.8,1.9,0,0,0,0.4,0,0,0,0
58.2,d_19970801,41.7,31.8,5.1,0,0,0,0,0,0,0,0
19.4,d_19970901,80.6,37.1,0.7,0,0,0,0,0,0,0,0
0,d_19971001,100,100,99.9,88.3,71.4,0,0,0,0,0,0
1.6,d_19971101,98.4,70.6,5.7,0,0,0,0,0,0,0,0
30.8,d_19971201,0,0,0,0,0,0,69.2,29.7,0.1,0,0
16.6,d_19980101,0,0,0,0,0,0,83.4,22,0.1,0,0
0,d_19980201,0,0,0,0,0,0,100.1,100.1,100.1,98.1,48.7
0,d_19980301,0,0,0,0,0,0,100,100,100,98.4,46.4
0,d_19980401,0,0,0,0,0,0,100,100,100,98.8,49
0,d_19980501,0,0,0,0,0,0,100,100,100,100,87.3
0,d_19980601,0,0,0,0,0,0,100,100,100,100,67.9
0,d_19980701,0,0,0,0,0,0,100,100,100,100,89.2
0,d_19980801,0,0,0,0,0,0,100,100,100,100,64.8
0,d_19980901,0,0,0,0,0,0,100,100,100,99.7,27.6
0,d_19981001,0,0,0,0,0,0,100,100,100,100,98.8
0,d_19981101,0,0,0,0,0,0,100,95.1,4.8,1.4,0
96.6,d_19981201,0,0,0,0,0,0,3.4,1,0,0,0
79.7,d_19990101,18.8,0,0,0,0,0,1.5,0.2,0,0,0
2.1,d_19990201,97.9,95.5,50.6,0.3,0,0,0,0,0,0,0
1.4,d_19990301,98.5,96.4,71.7,9.7,0,0,0,0,0,0,0
3.7,d_19990401,96.3,89.1,4.8,0,0,0,0,0,0,0,0
3.6,d_19990501,96.5,91.7,14.8,0,0,0,0,0,0,0,0
3.6,d_19990601,96.4,91.2,18.7,0.1,0,0,0,0,0,0,0
3.9,d_19990701,96.1,83.9,1,0,0,0,0,0,0,0,0
3.6,d_19990801,96.5,82.8,1.9,0,0,0,0,0,0,0,0
34.4,d_19990901,65.6,8.6,0,0,0,0,0,0,0,0,0
40.8,d_19991001,59.2,9.8,0,0,0,0,0,0,0,0,0
64.8,d_19991101,35.2,3.4,0,0,0,0,0,0,0,0,0
4.5,d_19991201,95.5,40,0,0,0,0,0,0,0,0,0
0,d_20000101,100,100,99.8,83.5,7.8,0,0,0,0,0,0
42,d_20000201,58.1,15.5,0,0,0,0,0,0,0,0,0
26.4,d_20000301,73.6,22.9,1.5,0,0,0,0,0,0,0,0
61.8,d_20000401,38.2,16.8,0.5,0,0,0,0,0,0,0,0
46.5,d_20000501,53.5,20.1,2.8,0,0,0,0,0,0,0,0
51.4,d_20000601,48.5,17.9,1.6,0,0,0,0,0,0,0,0
68.2,d_20000701,31.7,14.5,0.3,0,0,0,0,0,0,0,0
85.1,d_20000801,14.9,1.4,0,0,0,0,0,0,0,0,0
98.5,d_20000901,0,0,0,0,0,0,1.5,0,0,0,0
21,d_20001001,0,0,0,0,0,0,78.9,44.1,0,0,0
85.6,d_20001101,14.4,4.1,0,0,0,0,0,0,0,0,0
14.2,d_20001201,85.8,48.7,0.6,0,0,0,0,0,0,0,0
69,d_20010101,31,0,0,0,0,0,0,0,0,0,0
58,d_20010201,0,0,0,0,0,0,41.9,11.9,0,0,0
77.4,d_20010301,0,0,0,0,0,0,22.6,2.7,0,0,0
75.7,d_20010401,0,0,0,0,0,0,24.3,3.1,0,0,0
79.6,d_20010501,0,0,0,0,0,0,20.4,1.8,0,0,0
79.3,d_20010601,0,0,0,0,0,0,20.7,1.6,0,0,0
87,d_20010701,0,0,0,0,0,0,13,0,0,0,0
69.5,d_20010801,0,0,0,0,0,0,30.5,2.2,0,0,0
3.8,d_20010901,0,0,0,0,0,0,96.2,39.8,0,0,0
21.6,d_20011001,0,0,0,0,0,0,78.4,16.9,0,0,0
83.6,d_20011101,15.9,2.8,0,0,0,0,0.4,0,0,0,0
95.1,d_20011201,4.9,0,0,0,0,0,0,0,0,0,0
0.5,d_20020101,99.5,69,0,0,0,0,0,0,0,0,0
0,d_20020201,100,100,82.5,10.2,0,0,0,0,0,0,0
0,d_20020301,100,100,99.9,86.5,6.8,0,0,0,0,0,0
0,d_20020401,100,100,100,99.7,32.5,0,0,0,0,0,0
0,d_20020501,100,100,100,100,71.2,0,0,0,0,0,0
0,d_20020601,99.9,99.9,99.9,99.6,58,0,0,0,0,0,0
0,d_20020701,99.9,99.9,99.9,99.6,43.1,0,0,0,0,0,0
0,d_20020801,100,100,100,100,99.8,0,0,0,0,0,0
0,d_20020901,100,100,100,100,94.5,0,0,0,0,0,0
0,d_20021001,100,100,100,100,99.4,0,0,0,0,0,0
0,d_20021101,100,98.3,54.8,32.2,8,0,0,0,0,0,0
75,d_20021201,25.1,9.7,0,0,0,0,0,0,0,0,0
28,d_20030101,72,34.7,6.4,0,0,0,0,0,0,0,0
100,d_20030201,0,0,0,0,0,0,0,0,0,0,0
100,d_20030301,0,0,0,0,0,0,0,0,0,0,0
87.8,d_20030401,0,0,0,0,0,0,12.2,0,0,0,0
77.5,d_20030501,0,0,0,0,0,0,22.5,0,0,0,0
73.9,d_20030601,0,0,0,0,0,0,26.1,0,0,0,0
44.3,d_20030701,0,0,0,0,0,0,55.7,9.4,0,0,0
68.2,d_20030801,0,0,0,0,0,0,31.8,11.4,0,0,0
68.6,d_20030901,0,0,0,0,0,0,31.4,13.1,0,0,0
0,d_20031001,0,0,0,0,0,0,100.1,77.6,9.5,0,0
63.9,d_20031101,0,0,0,0,0,0,36.1,8.2,0,0,0
98.1,d_20031201,0,0,0,0,0,0,1.9,0,0,0,0
1.1,d_20040101,98.9,47.5,0,0,0,0,0,0,0,0,0
83.3,d_20040201,16.7,0,0,0,0,0,0,0,0,0,0
16.9,d_20040301,83.1,15.7,0,0,0,0,0,0,0,0,0
6.8,d_20040401,93.1,45.8,0,0,0,0,0,0,0,0,0
3,d_20040501,97,73.1,2.2,0,0,0,0,0,0,0,0
2.7,d_20040601,97.3,63.1,0.8,0,0,0,0,0,0,0,0
5.5,d_20040701,94.5,47.9,0,0,0,0,0,0,0,0,0
0.5,d_20040801,99.5,26.4,0,0,0,0,0,0,0,0,0
22.6,d_20040901,77.4,3.8,0,0,0,0,0,0,0,0,0
24.5,d_20041001,0,0,0,0,0,0,75.5,3.3,0,0,0
88,d_20041101,2.8,0,0,0,0,0,9.2,1.9,0,0,0
0,d_20041201,0,0,0,0,0,0,99.9,99.8,83.8,28.9,0
0,d_20050101,0,0,0,0,0,0,100,100,100,99.7,72.9
0,d_20050201,0,0,0,0,0,0,100,100,100,100,99.9
0,d_20050301,0,0,0,0,0,0,100,100,100,100,96.8
0,d_20050401,0,0,0,0,0,0,100,100,100,100,95.7
0,d_20050501,0,0,0,0,0,0,100,100,100,100,97.3
0,d_20050601,0,0,0,0,0,0,100,100,100,100,97.1
0,d_20050701,0,0,0,0,0,0,100,100,100,98.9,73.6
0,d_20050801,0,0,0,0,0,0,100,100,100,99.4,68.2
0,d_20050901,0,0,0,0,0,0,100,100,99,88.2,14
0,d_20051001,0,0,0,0,0,0,99.9,99.9,82.3,35,12.6
71.7,d_20051101,0,0,0,0,0,0,28.3,17.5,3.1,0,0
68.7,d_20051201,14.8,0.6,0,0,0,0,16.4,6.3,0,0,0
69,d_20060101,30.9,4.6,0.1,0,0,0,0.1,0,0,0,0
59.7,d_20060201,40.2,5.5,0.1,0,0,0,0,0,0,0,0
82.6,d_20060301,17.4,0.8,0,0,0,0,0,0,0,0,0
99.1,d_20060401,0.9,0,0,0,0,0,0,0,0,0,0
97.8,d_20060501,2.2,0,0,0,0,0,0,0,0,0,0
97.6,d_20060601,2.4,0,0,0,0,0,0,0,0,0,0
81,d_20060701,19,5.3,0,0,0,0,0,0,0,0,0
92.8,d_20060801,7.2,1.7,0,0,0,0,0,0,0,0,0
95.6,d_20060901,0.8,0,0,0,0,0,3.6,0,0,0,0
80.4,d_20061001,0,0,0,0,0,0,19.6,0,0,0,0
82.5,d_20061101,0,0,0,0,0,0,17.5,0,0,0,0
71.6,d_20061201,28.4,11.7,0,0,0,0,0,0,0,0,0
0,d_20070101,100.1,97.6,88.9,69.5,21,0,0,0,0,0,0
0,d_20070201,100.1,100.1,95.1,88.4,61.1,0,0,0,0,0,0
0,d_20070301,100,100,99.2,95.6,87.1,0,0,0,0,0,0
0,d_20070401,100,100,99.9,96.6,90.8,0,0,0,0,0,0
0,d_20070501,100,100,100,97.7,93.2,0,0,0,0,0,0
0,d_20070601,100,100,100,97.2,92.7,0,0,0,0,0,0
0,d_20070701,100,100,99.9,97.4,93.2,0,0,0,0,0,0
0,d_20070801,100,100,97.5,94.3,77.4,0,0,0,0,0,0
0,d_20070901,100.1,100.1,86.9,40.9,0,0,0,0,0,0,0
0,d_20071001,100.1,99.8,33.1,1.2,0,0,0,0,0,0,0
0,d_20071101,100,97.7,53.5,16,0.1,0,0,0,0,0,0
57.2,d_20071201,42.8,14.4,0.3,0,0,0,0,0,0,0,0
12.9,d_20080101,0,0,0,0,0,0,87.1,49.9,0,0,0
56,d_20080201,0,0,0,0,0,0,44,2,0,0,0
99.7,d_20080301,0.2,0,0,0,0,0,0.2,0,0,0,0
90.8,d_20080401,9.2,0,0,0,0,0,0,0,0,0,0
91.9,d_20080501,8.1,0.1,0,0,0,0,0,0,0,0,0
77.8,d_20080601,22.2,0.2,0,0,0,0,0,0,0,0,0
91.2,d_20080701,8.8,0,0,0,0,0,0,0,0,0,0
88.7,d_20080801,11.3,1.2,0,0,0,0,0,0,0,0,0
96.6,d_20080901,3,0,0,0,0,0,0.3,0,0,0,0
0,d_20081001,100,100,93.9,57.1,7.9,0,0,0,0,0,0
7.6,d_20081101,92.4,69,24,3.7,0.5,0,0,0,0,0,0
90.9,d_20081201,3,1,0,0,0,0,6.1,0.5,0,0,0
90.9,d_20090101,9.1,2.7,0,0,0,0,0,0,0,0,0
99.9,d_20090201,0.1,0,0,0,0,0,0,0,0,0,0
88.6,d_20090301,11.3,0.3,0,0,0,0,0,0,0,0,0
43.1,d_20090401,56.9,3.8,0,0,0,0,0,0,0,0,0
30,d_20090501,70,14.1,0,0,0,0,0,0,0,0,0
37.8,d_20090601,62.3,7.4,0,0,0,0,0,0,0,0,0
53.2,d_20090701,46.8,2.6,0,0,0,0,0,0,0,0,0
11.5,d_20090801,88.5,20,0.7,0,0,0,0,0,0,0,0
2.7,d_20090901,97.3,41.5,0,0,0,0,0,0,0,0,0
85.3,d_20091001,14.8,2.4,0,0,0,0,0,0,0,0,0
0,d_20091101,100,100,91.5,80.6,46.5,0,0,0,0,0,0
58.7,d_20091201,41.4,26.3,6.8,3.9,0.5,0,0,0,0,0,0
10,d_20100101,0,0,0,0,0,0,89.9,22.5,0,0,0
6.5,d_20100201,0,0,0,0,0,0,93.5,54.1,0,0,0
71.1,d_20100301,0,0,0,0,0,0,28.9,0,0,0,0
44,d_20100401,0,0,0,0,0,0,56,0,0,0,0
59,d_20100501,0.1,0,0,0,0,0,40.9,0,0,0,0
50.4,d_20100601,0,0,0,0,0,0,49.6,0,0,0,0
58.9,d_20100701,0.1,0,0,0,0,0,41.1,2.1,0,0,0
17.2,d_20100801,0,0,0,0,0,0,82.9,12.9,0,0,0
34.3,d_20100901,0,0,0,0,0,0,65.7,13.2,0,0,0
85.4,d_20101001,0,0,0,0,0,0,14.6,0,0,0,0
91.7,d_20101101,7.6,0,0,0,0,0,0.7,0,0,0,0
0,d_20101201,0,0,0,0,0,0,100,100,100,100,79.9
0,d_20110101,0,0,0,0,0,0,99.9,99.1,17.2,1,0
0,d_20110201,0,0,0,0,0,0,100,89.4,1.1,0.3,0
0.2,d_20110301,0,0,0,0,0,0,99.9,94,16.5,0.3,0
1.5,d_20110401,0,0,0,0,0,0,98.4,78.5,7.7,0,0
1.4,d_20110501,0,0,0,0,0,0,98.7,80.5,10,0,0
0.8,d_20110601,0,0,0,0,0,0,99.3,81.8,10.9,0,0
3.5,d_20110701,0,0,0,0,0,0,96.5,57.3,3.4,0,0
2.2,d_20110801,0,0,0,0,0,0,97.8,62.7,3.6,0,0
84.3,d_20110901,15.7,3.5,0,0,0,0,0,0,0,0,0
68.2,d_20111001,0.2,0,0,0,0,0,31.6,8,0,0,0
34.4,d_20111101,0,0,0,0,0,0,65.6,34.8,9.2,0,0
54.2,d_20111201,45.9,9.2,0,0,0,0,0,0,0,0,0
27.5,d_20120101,72.5,30.6,0,0,0,0,0,0,0,0,0
0,d_20120201,100.1,99.5,45.2,2.4,0,0,0,0,0,0,0
0,d_20120301,100,96.7,4.4,0,0,0,0,0,0,0,0
0.3,d_20120401,99.8,74,0,0,0,0,0,0,0,0,0
0,d_20120501,100,88.8,0.5,0,0,0,0,0,0,0,0
0,d_20120601,100,87.9,1.1,0,0,0,0,0,0,0,0
0,d_20120701,100,91.3,7.6,0,0,0,0,0,0,0,0
0,d_20120801,99.9,99.9,8.8,0,0,0,0,0,0,0,0
3,d_20120901,97,37.9,0,0,0,0,0,0,0,0,0
48.6,d_20121001,51.4,0.7,0,0,0,0,0,0,0,0,0
94.9,d_20121101,5.1,0,0,0,0,0,0,0,0,0,0
88.1,d_20121201,11.5,6,0,0,0,0,0.4,0,0,0,0
32,d_20130101,68,34.1,10.9,5.1,0,0,0,0,0,0,0
0.1,d_20130201,99.8,96.8,34.4,14.9,5.6,0,0,0,0,0,0
0,d_20130301,99.9,99.4,63,28.4,9.5,0,0,0,0,0,0
0,d_20130401,100,99.9,96.6,51.4,15.7,0,0,0,0,0,0
0,d_20130501,100,99.9,97.9,52.2,18.5,0,0,0,0,0,0
0,d_20130601,100,99.9,96.6,53.8,21.8,0,0,0,0,0,0
0,d_20130701,99.9,99.7,89.3,42.3,13,0,0,0,0,0,0
0,d_20130801,100,99.3,80.8,31.1,2.8,0,0,0,0,0,0
0,d_20130901,100,100,97.5,39.2,0,0,0,0,0,0,0
0,d_20131001,99.9,99.9,97.8,69.6,0.3,0,0,0,0,0,0
19,d_20131101,81,75.1,56,8.2,0,0,0,0,0,0,0
17.1,d_20131201,82.9,76.8,63.4,31.9,2,0,0,0,0,0,0
1,d_20140101,99,84.6,72.6,57.6,10,0,0,0,0,0,0
0,d_20140201,99.9,82.1,62.2,12.8,0.8,0,0,0,0,0,0
0,d_20140301,100,94.7,69.5,23.8,0.8,0,0,0,0,0,0
0,d_20140401,100,99.9,75.5,41.1,2.4,0,0,0,0,0,0
0,d_20140501,100.1,98.1,77.6,59.7,10.6,0,0,0,0,0,0
0,d_20140601,100.1,95.5,75.5,51.7,6.9,0,0,0,0,0,0
0,d_20140701,100,92.8,73.4,44.7,6.6,0,0,0,0,0,0
0,d_20140801,100,100,73.8,34.8,5.8,0,0,0,0,0,0
0,d_20140901,100,77.7,14.9,0.4,0,0,0,0,0,0,0
41.5,d_20141001,58.6,23.2,0.4,0,0,0,0,0,0,0,0
0,d_20141101,100.1,98.7,42.7,11.7,2,0,0,0,0,0,0
81.5,d_20141201,0,0,0,0,0,0,18.5,0.5,0,0,0
94.9,d_20150101,0.2,0,0,0,0,0,4.9,0,0,0,0
45.7,d_20150201,54.3,6.1,0,0,0,0,0,0,0,0,0
19.1,d_20150301,80.9,51.7,0.7,0,0,0,0,0,0,0,0
10.2,d_20150401,89.8,71.1,7,0,0,0,0,0,0,0,0
6.9,d_20150501,93.1,70.2,3.7,0,0,0,0,0,0,0,0
8.8,d_20150601,91.2,65.5,3.1,0,0,0,0,0,0,0,0
26.9,d_20150701,73,49.8,0.3,0,0,0,0,0,0,0,0
36.5,d_20150801,63.5,17.9,0,0,0,0,0,0,0,0,0
15.3,d_20150901,84.7,75.6,0,0,0,0,0,0,0,0,0
22.9,d_20151001,77.1,51.7,1,0,0,0,0,0,0,0,0
29.2,d_20151101,70.8,40.3,1.3,0.3,0,0,0,0,0,0,0
44.2,d_20151201,44,18.1,1.7,0,0,0,11.7,0.3,0,0,0
78.7,d_20160101,0.9,0,0,0,0,0,20.4,3.4,0,0,0
45,d_20160201,55,19.5,0,0,0,0,0,0,0,0,0
41.1,d_20160301,58.9,27.2,0,0,0,0,0,0,0,0,0
26.2,d_20160401,73.7,46.7,0.3,0,0,0,0,0,0,0,0
21.9,d_20160501,78.1,50.1,0.9,0,0,0,0,0,0,0,0
4.3,d_20160601,95.7,65,12.1,0,0,0,0,0,0,0,0
0.4,d_20160701,99.6,80.2,9.3,0,0,0,0,0,0,0,0
1.4,d_20160801,98.7,46,0,0,0,0,0,0,0,0,0
35.2,d_20160901,64.7,9.2,0,0,0,0,0,0,0,0,0
0,d_20161001,100.1,78,10.2,0.2,0,0,0,0,0,0,0
29.8,d_20161101,70.2,5.9,0,0,0,0,0,0,0,0,0
85.6,d_20161201,0,0,0,0,0,0,14.4,1.1,0.1,0,0
0,d_20170101,0,0,0,0,0,0,100,89.6,32,4.2,0
0,d_20170201,0,0,0,0,0,0,100,95.1,27.5,4.2,0
11.9,d_20170301,0,0,0,0,0,0,88.1,44.2,1.8,0,0
30.6,d_20170401,0,0,0,0,0,0,69.4,24,0,0,0
30,d_20170501,0,0,0,0,0,0,70,23.8,0.3,0,0
26.3,d_20170601,0,0,0,0,0,0,73.7,27.3,0.2,0,0
19.7,d_20170701,0,0,0,0,0,0,80.3,30.4,1.6,0,0
15,d_20170801,0,0,0,0,0,0,85,35.4,0.9,0,0
35.1,d_20170901,0,0,0,0,0,0,64.9,11.5,0,0,0
63.3,d_20171001,36.7,6.4,0,0,0,0,0,0,0,0,0
0,d_20171101,100,100,100,100,83.4,0,0,0,0,0,0
0,d_20171201,100,100,100,99.7,90.3,0,0,0,0,0,0
0,d_20180101,99.9,96.2,72.1,7.9,0.8,0,0,0,0,0,0
0,d_20180201,100,100,97.8,91,54.8,0,0,0,0,0,0
0,d_20180301,100.1,94.8,34.5,14,0,0,0,0,0,0,0
0,d_20180401,100,99.7,59.8,26.7,3.2,0,0,0,0,0,0
0,d_20180501,100.1,100.1,72.3,38.2,10.3,0,0,0,0,0,0
0,d_20180601,99.9,99.9,82.6,41.5,11,0,0,0,0,0,0
0,d_20180701,100,100,68.9,33.1,5.5,0,0,0,0,0,0
0,d_20180801,100,92,31.2,8.5,0,0,0,0,0,0,0
24.3,d_20180901,75.6,26.9,0,0,0,0,0,0,0,0,0
19.2,d_20181001,80.8,28.1,0,0,0,0,0,0,0,0,0
94.8,d_20181101,3.8,0,0,0,0,0,1.4,0,0,0,0
74.7,d_20181201,25.3,4.2,0,0,0,0,0,0,0,0,0
48.4,d_20190101,0,0,0,0,0,0,51.5,18.8,0,0,0
0,d_20190201,0,0,0,0,0,0,100.1,64.9,0.9,0,0
0.2,d_20190301,0,0,0,0,0,0,99.8,60.3,0,0,0
8.1,d_20190401,0,0,0,0,0,0,91.9,25.3,0,0,0
0,d_20190501,0,0,0,0,0,0,100,51,0,0,0
0,d_20190601,0,0,0,0,0,0,100,59.2,0,0,0
0,d_20190701,0,0,0,0,0,0,100,82.8,0.5,0,0
0,d_20190801,0,0,0,0,0,0,100,83.1,0,0,0
0,d_20190901,0,0,0,0,0,0,100,75.3,0,0,0
27.7,d_20191001,0,0,0,0,0,0,72.2,2.7,0,0,0
88,d_20191101,0,0,0,0,0,0,12,1.5,0,0,0
0.5,d_20191201,0,0,0,0,0,0,99.5,73.6,3.7,0.5,0
70.7,d_20200101,0,0,0,0,0,0,29.3,1.2,0,0,0
53.8,d_20200201,46.2,4.4,0,0,0,0,0,0,0,0,0
91,d_20200301,0,0,0,0,0,0,9,0,0,0,0
64.7,d_20200401,0,0,0,0,0,0,35.3,13.1,0,0,0
67.5,d_20200501,0,0,0,0,0,0,32.5,13,0,0,0
65.8,d_20200601,0,0,0,0,0,0,34.2,14.4,0,0,0
50.7,d_20200701,0,0,0,0,0,0,49.3,23,0,0,0
70.8,d_20200801,0,0,0,0,0,0,29.1,13.4,0,0,0
99,d_20200901,1,0,0,0,0,0,0,0,0,0,0
71.4,d_20201001,0,0,0,0,0,0,28.6,1.5,0,0,0
2,d_20201101,0,0,0,0,0,0,98.1,74.9,17.7,0.2,0
100,d_20201201,0,0,0,0,0,0,0,0,0,0,0
0,d_20210101,100.1,94.9,3.9,0.6,0,0,0,0,0,0,0
0,d_20210201,99.9,99.9,99.5,60.8,4.8,0,0,0,0,0,0
0,d_20210301,100,100,99.3,78.9,17.8,0,0,0,0,0,0
0,d_20210401,100,100,100,99.1,48.7,0,0,0,0,0,0
0,d_20210501,100,100,100,99.6,79.9,0,0,0,0,0,0
0,d_20210601,100,100,100,99.3,69.6,0,0,0,0,0,0
0,d_20210701,100.1,100.1,99.9,98.8,41.7,0,0,0,0,0,0
0,d_20210801,100.1,100.1,99.2,72.4,4.8,0,0,0,0,0,0
0,d_20210901,100,100,96.4,48.6,0.7,0,0,0,0,0,0
0,d_20211001,100,100,99.3,76,27.9,0,0,0,0,0,0
0,d_20211101,99.9,99.9,98.2,71.2,24.6,0,0,0,0,0,0
49.5,d_20211201,0,0,0,0,0,0,50.6,32.6,0.9,0,0
72.6,d_20220101,18.4,9.2,0,0,0,0,9,0,0,0,0
68.8,d_20220201,31.2,19.1,0,0,0,0,0,0,0,0,0
55.6,d_20220301,44.3,26.3,5.2,0,0,0,0,0,0,0,0
40.5,d_20220401,59.6,36.5,16.6,1.9,0,0,0,0,0,0,0
21.1,d_20220501,78.9,41.7,20,5.1,0,0,0,0,0,0,0
30.5,d_20220601,69.5,39.3,12.4,1.2,0,0,0,0,0,0,0
20,d_20220701,80,41.2,14.3,1.7,0,0,0,0,0,0,0
57.2,d_20220801,42.7,23,1.5,0,0,0,0,0,0,0,0
0,d_20220901,99.9,99.9,97.7,75.2,16.5,0,0,0,0,0,0
0,d_20221001,100,100,74.6,27,0,0,0,0,0,0,0
48.1,d_20221101,51.9,0.8,0,0,0,0,0,0,0,0,0
100,d_20221201,0,0,0,0,0,0,0,0,0,0,0
0,d_20230101,0,0,0,0,0,0,100,88.9,49.6,0.7,0
0,d_20230201,0,0,0,0,0,0,100,100,56.8,22.4,0
0,d_20230301,0,0,0,0,0,0,100,100,78.5,61.2,11.1
0,d_20230401,0,0,0,0,0,0,99.9,94.2,70.1,37.9,6.6
0,d_20230501,0,0,0,0,0,0,100,96.8,71.2,49.9,9.7
0,d_20230601,0,0,0,0,0,0,99.9,86.5,68.4,45.7,8.6
0,d_20230701,0,0,0,0,0,0,100,93.5,73.3,54.7,13.5
0,d_20230801,0,0,0,0,0,0,100,95.5,72.4,45.9,8.1
0,d_20230901,0,0,0,0,0,0,100.1,100.1,72.2,38.8,3.6
6.9,d_20231001,0,0,0,0,0,0,93.1,66,14.8,0,0
36.7,d_20231101,0,0,0,0,0,0,63.2,55.8,10.5,0,0
84.3,d_20231201,15.7,0,0,0,0,0,0,0,0,0,0
99.8,d_20240101,0.2,0,0,0,0,0,0,0,0,0,0
1.9,d_20240201,0,0,0,0,0,0,98.1,59,16,0,0
0,d_20240301,0,0,0,0,0,0,100.1,79.8,20.9,2,0
0.3,d_20240401,0,0,0,0,0,0,99.6,59.9,18.1,0.5,0
16.3,d_20240501,0,0,0,0,0,0,83.7,49.2,16.2,0.2,0
13.1,d_20240601,0,0,0,0,0,0,86.9,48.3,16,0,0
2,d_20240701,0,0,0,0,0,0,97.9,58.7,20.7,5.5,0
0,d_20240801,0,0,0,0,0,0,100.1,72.7,23,9.1,0
0,d_20240901,0,0,0,0,0,0,100.1,72.5,22.8,9.1,0
0,d_20241001,0,0,0,0,0,0,100,87,18.9,1.3,0
0,d_20241101,0,0,0,0,0,0,100.1,99.9,46.1,19.1,0.2
74.4,d_20241201,25.5,12.3,0.3,0,0,0,0,0,0,0,0
0,d_20250101,100,100,100,100,80.3,0,0,0,0,0,0
