OBJECTID,YEAR_,STATE,AGENCY,UNIT_ID,FIRE_NAME,INC_NUM,ALARM_DATE,CONT_DATE,CAUSE,C_METHOD,OBJECTIVE,GIS_ACRES,DECADES,Shape__Area,Shape__Length
184,2023,CA,LRA,LAC,VICTOR,00248830,2023-07-25 00:00:00+00:00,2023-07-27 00:00:00+00:00,4.0,7.0,1.0,57.49,2020,343984.6484375,3500.44681430332
534,2022,CA,CCO,LAC,CANYON,00115026,2022-04-06 00:00:00+00:00,2022-04-06 00:00:00+00:00,9.0,7.0,1.0,2.593182,2020,15407.35546875,645.217796364835
535,2022,CA,LRA,LAC,BARREL,00216308,2022-06-29 00:00:00+00:00,2022-06-30 00:00:00+00:00,9.0,7.0,1.0,7.608925,2020,45513.296875,1584.63298497674
536,2022,CA,LRA,LAC,CUT OFF,00230119,2022-07-10 00:00:00+00:00,2022-07-10 00:00:00+00:00,14.0,7.0,1.0,2.501228,2020,14755.64453125,901.81659764373
537,2022,CA,CCO,LAC,HUGHES,00263997,2022-08-06 00:00:00+00:00,2022-08-06 00:00:00+00:00,10.0,7.0,1.0,7.944128,2020,47749.11328125,1204.86300003396
538,2022,CA,CCO,LAC,SYCAMORE,00051618,2022-02-10 00:00:00+00:00,2022-02-11 00:00:00+00:00,14.0,7.0,1.0,3.735543,2020,22052.17578125,1130.49981314723
539,2022,CA,CCO,LAC,SAM,00269184,2022-08-10 00:00:00+00:00,2022-08-11 00:00:00+00:00,14.0,7.0,1.0,125.3294,2020,753342.03515625,6504.56126241821
540,2022,CA,CCO,LAC,QUAIL,00278058,2022-08-17 00:00:00+00:00,2022-08-18 00:00:00+00:00,14.0,7.0,1.0,60.45229,2020,360946.04296875,4126.2223006563
541,2022,CA,LRA,LAC,RIDGE,00280336,2022-08-18 00:00:00+00:00,2022-08-19 00:00:00+00:00,14.0,7.0,1.0,4.834825,2020,28648.2421875,978.568954557221
542,2022,CA,CCO,LAC,TIERRA,00222780,2022-08-17 00:00:00+00:00,2022-08-17 00:00:00+00:00,14.0,7.0,1.0,2.101613,2020,12569.51171875,718.012932041454
543,2022,CA,CCO,LAC,ROUTE,00294803,2022-08-31 00:00:00+00:00,2022-09-07 00:00:00+00:00,14.0,7.0,1.0,5227.923,2020,31259236.4570312,32350.6960298258
544,2022,CA,CCO,LAC,MUNZ,00313159,2022-09-13 00:00:00+00:00,2022-09-14 00:00:00+00:00,14.0,7.0,1.0,1.847821,2020,11081.2265625,461.619076099197
545,2022,CA,CCO,LAC,CHESEBORO,00304524,2022-09-07 00:00:00+00:00,2022-09-08 00:00:00+00:00,14.0,7.0,1.0,1.093091,2020,6529.66015625,350.443293916413
546,2022,CA,LRA,LAC,LOBO,00326174,2022-09-24 00:00:00+00:00,2022-09-25 00:00:00+00:00,14.0,7.0,1.0,10.79503,2020,63953.0078125,1397.11626360272
548,2022,CA,CCO,LAC,PYRAMID,00358988,2022-10-21 00:00:00+00:00,2022-10-22 00:00:00+00:00,10.0,7.0,1.0,6.758175,2020,40658.81640625,946.095224887192
748,2021,CA,CCO,LAC,TOWSLEY,00023140,2021-01-19 00:00:00+00:00,2021-01-22 00:00:00+00:00,14.0,1.0,1.0,183.8866,2020,1094378.0703125,7867.4514331809
749,2021,CA,LRA,LAC,KELLOGG,00023118,2021-01-19 00:00:00+00:00,2021-01-19 00:00:00+00:00,14.0,1.0,1.0,12.2616,2020,72488.9609375,1239.72451905119
750,2021,CA,CCO,LAC,NEWTON,00009554,2021-01-08 00:00:00+00:00,2021-01-08 00:00:00+00:00,14.0,1.0,1.0,2.265879,2020,13399.23828125,443.870646367217
751,2021,CA,CCO,LAC,SPRINGS,00023522,2021-01-19 00:00:00+00:00,2021-01-19 00:00:00+00:00,14.0,1.0,1.0,2.711827,2020,16191.2109375,602.769807076875
752,2021,CA,LRA,LAC,RYE,00039029,2021-02-02 00:00:00+00:00,2021-02-02 00:00:00+00:00,2.0,1.0,1.0,1.171693,2020,6991.0078125,381.443667019439
753,2021,CA,LRA,LAC,KNOLLS,00065761,2021-02-28 00:00:00+00:00,2021-02-28 00:00:00+00:00,14.0,1.0,1.0,5.079092,2020,30009.5234375,1699.60172736577
754,2021,CA,CCO,LAC,TURNBULL,00117398,2021-04-18 00:00:00+00:00,2021-04-18 00:00:00+00:00,14.0,1.0,1.0,1.467101,2020,8657.671875,419.574015017645
755,2021,CA,CCO,LAC,NORTH,00128550,2021-04-28 00:00:00+00:00,2021-04-30 00:00:00+00:00,14.0,1.0,1.0,552.1964,2020,3295783.60546875,12210.6425154492
756,2021,CA,LRA,LAC,VIRGENES,00129683,2021-04-29 00:00:00+00:00,2021-04-29 00:00:00+00:00,14.0,1.0,1.0,6.461127,2020,38272.453125,841.440750299626
757,2021,CA,CCO,LAC,PINE,00144343,2021-05-12 00:00:00+00:00,2021-05-14 00:00:00+00:00,14.0,1.0,1.0,441.2523,2020,2631239.4921875,21430.1348462545
758,2021,CA,LRA,LAC,PALISADES,00001448,2021-05-15 00:00:00+00:00,2021-05-21 00:00:00+00:00,14.0,1.0,1.0,1202.648,2020,7115175.3671875,19990.114323399
759,2021,CA,CCO,LAC,LIMA,00207495,2021-07-06 00:00:00+00:00,2021-07-06 00:00:00+00:00,14.0,1.0,1.0,61.52447,2020,368931.28125,3723.94078217574
760,2021,CA,CCO,LAC,DULCE,00205231,2021-07-04 00:00:00+00:00,2021-07-04 00:00:00+00:00,14.0,1.0,1.0,12.19143,2020,72843.36328125,1372.73361260489
761,2021,CA,CCO,LAC,TUMBLEWEED,00205212,2021-07-04 00:00:00+00:00,2021-07-08 00:00:00+00:00,14.0,1.0,1.0,856.8701,2020,5150536.13671875,17039.1214432664
762,2021,CA,CCO,LAC,FLORES,00223635,2021-07-19 00:00:00+00:00,2021-07-19 00:00:00+00:00,14.0,1.0,1.0,6.922003,2020,40922.27734375,1173.61544978681
763,2021,CA,CCO,LAC,SYCAMORE,00240307,2021-08-02 00:00:00+00:00,2021-08-02 00:00:00+00:00,10.0,1.0,1.0,3.27472,2020,19692.67578125,615.439122138747
764,2021,CA,CCO,LAC,VASQUEZ,00244896,2021-08-06 00:00:00+00:00,2021-08-06 00:00:00+00:00,14.0,1.0,1.0,1.501651,2020,8964.01171875,594.401024090168
765,2021,CA,CCO,LAC,GOLDEN,00246149,2021-08-07 00:00:00+00:00,2021-08-07 00:00:00+00:00,10.0,1.0,1.0,19.88849,2020,118472.01171875,3090.81560394961
766,2021,CA,CCO,LAC,DALTON,00304402,2021-09-24 00:00:00+00:00,2021-09-24 00:00:00+00:00,10.0,1.0,1.0,2.21358,2020,13117.1484375,665.076004830206
767,2021,CA,LRA,LAC,TONNER,00310831,2021-09-30 00:00:00+00:00,2021-09-30 00:00:00+00:00,14.0,1.0,1.0,1.969455,2020,11616.12109375,442.469459640313
768,2021,CA,CCO,LAC,TUNA,00211043,2021-07-09 00:00:00+00:00,2021-07-09 00:00:00+00:00,14.0,4.0,1.0,4.544237,2020,26855.39453125,893.374158362318
769,2021,CA,CCO,LAC,MIDDLE,00386317,2021-11-11 00:00:00+00:00,2021-11-11 00:00:00+00:00,11.0,1.0,1.0,17.06123,2020,99265.796875,1238.32352484562
813,2021,CA,CCO,LAC,BOAT,02130196,2021-07-01 00:00:00+00:00,2021-07-01 00:00:00+00:00,10.0,1.0,1.0,1.496656,2020,9008.015625,807.78356103229
949,2021,CA,CCO,LAC,PACIFICO,Unknown,2021-01-17 00:00:00+00:00,2021-01-17 00:00:00+00:00,15.0,7.0,1.0,2.883715,2020,17045.55859375,769.721101577619
955,2021,CA,CCO,LAC,ROCKY 3,00070396,2021-08-18 00:00:00+00:00,2021-08-18 00:00:00+00:00,14.0,4.0,1.0,2.237706,2020,13293.8984375,486.862066528628
1168,2020,CA,CCO,LAC,EQUESTRIAN,00167541,2020-06-08 00:00:00+00:00,2020-06-09 00:00:00+00:00,11.0,1.0,1.0,83.61877,2020,499137.76953125,3815.29825199733
1169,2020,CA,CCO,LAC,SOLEDAD,00197926,2020-07-05 00:00:00+00:00,2020-07-07 00:00:00+00:00,9.0,1.0,1.0,1525.536,2020,9101965.32421875,23117.5582574448
1170,2020,CA,CCO,LAC,RIDGE,00222638,2020-07-27 00:00:00+00:00,2020-07-28 00:00:00+00:00,14.0,7.0,1.0,320.8393,2020,1928676.69140625,12353.9659255893
1171,2020,CA,CCO,LAC,CASTAIC,00228163,2020-08-01 00:00:00+00:00,2020-08-01 00:00:00+00:00,14.0,1.0,1.0,178.3116,2020,1066001.359375,6079.35151358337
1172,2020,CA,CCO,LAC,WEST,00181840,2020-06-21 00:00:00+00:00,2020-06-21 00:00:00+00:00,14.0,1.0,1.0,46.83757,2020,281528.85546875,2371.90873965361
1173,2020,CA,CCO,LAC,3 POINTS,00198047,2020-07-05 00:00:00+00:00,2020-07-05 00:00:00+00:00,14.0,1.0,1.0,11.78609,2020,70801.65234375,1043.06249914957
1175,2020,CA,CCO,LAC,JOHNSON,00259152,2020-08-28 00:00:00+00:00,2020-08-29 00:00:00+00:00,10.0,1.0,1.0,291.9492,2020,1750755.3046875,7290.87199216327
1176,2020,CA,CCO,LAC,QUAIL,00306071,2020-10-09 00:00:00+00:00,2020-10-09 00:00:00+00:00,5.0,1.0,1.0,12.85847,2020,77284.2890625,1617.63837654305
1177,2020,CA,CCO,LAC,RAYBURN,00252458,2020-08-22 00:00:00+00:00,2020-08-22 00:00:00+00:00,14.0,1.0,1.0,12.39058,2020,74128.78125,1417.42955084624
1178,2020,CA,CCO,LAC,ACTON,00293564,2020-09-28 00:00:00+00:00,2020-09-28 00:00:00+00:00,9.0,1.0,1.0,13.84105,2020,82643.65625,1485.44842318222
1179,2020,CA,CCO,LAC,SAN DIMAS,00355402,2020-11-06 00:00:00+00:00,2020-11-06 00:00:00+00:00,7.0,7.0,1.0,128.1708,2020,759180.5546875,3681.25802473587
1279,2020,CA,CCO,LAC,ELSMERE,00230295,2020-08-03 00:00:00+00:00,2020-08-03 00:00:00+00:00,14.0,8.0,1.0,159.2057,2020,947991.3671875,8008.7885737042
1404,2020,CA,CCO,LAC,TOPANGA,00216968,2020-07-22 00:00:00+00:00,2020-07-22 00:00:00+00:00,11.0,1.0,1.0,2.614254,2020,15481.3984375,693.288838752859
1405,2020,CA,CCO,LAC,AIRPORT,00149563,2020-05-21 00:00:00+00:00,2020-05-21 00:00:00+00:00,10.0,1.0,1.0,3.001326,2020,17928.3515625,647.712235662552
1406,2020,CA,CCO,LAC,MESA,00207264,2020-07-13 00:00:00+00:00,2020-07-13 00:00:00+00:00,11.0,1.0,1.0,1.250532,2020,7389.67578125,341.164339704946
1407,2020,CA,CCO,LAC,COLIMA,00169545,2020-06-09 00:00:00+00:00,2020-06-09 00:00:00+00:00,14.0,1.0,1.0,6.245241,2020,36841.3125,913.027198090041
1408,2020,CA,CCO,LAC,HASLEY,00171441,2020-06-11 00:00:00+00:00,2020-06-11 00:00:00+00:00,2.0,1.0,1.0,6.671049,2020,39807.84375,1091.07305978108
1409,2020,CA,CCO,LAC,HILL,00163511,2020-06-04 00:00:00+00:00,2020-06-04 00:00:00+00:00,14.0,1.0,1.0,3.485558,2020,20568.64453125,556.023711256184
1410,2020,CA,CCO,LAC,210TH,00198391,2020-07-05 00:00:00+00:00,2020-07-05 00:00:00+00:00,14.0,1.0,1.0,7.067647,2020,42477.21484375,1320.89377392804
1411,2020,CA,CCO,LAC,CALGROVE,00191517,2020-06-30 00:00:00+00:00,2020-06-30 00:00:00+00:00,2.0,1.0,1.0,4.228073,2020,25169.72265625,677.921531194218
1412,2020,CA,CCO,LAC,GROVE,00242462,2020-08-14 00:00:00+00:00,2020-08-14 00:00:00+00:00,14.0,1.0,1.0,1.798941,2020,10619.9140625,613.530621499692
1413,2020,CA,CCO,LAC,TOPANGA,00271897,2020-09-08 00:00:00+00:00,2020-09-08 00:00:00+00:00,10.0,1.0,1.0,6.732281,2020,39790.87890625,861.944455107239
1414,2020,CA,CCO,LAC,PALM,00275442,2020-09-11 00:00:00+00:00,2020-09-11 00:00:00+00:00,14.0,1.0,1.0,8.40679,2020,49643.26953125,935.250203511598
1415,2020,CA,CCO,LAC,NO NAME,00290998,2020-09-26 00:00:00+00:00,2020-09-26 00:00:00+00:00,10.0,1.0,1.0,3.013402,2020,18110.921875,777.324041684401
1416,2020,CA,CCO,LAC,CANYON,00377420,2020-12-13 00:00:00+00:00,2020-12-13 00:00:00+00:00,11.0,1.0,1.0,7.26888,2020,42854.96484375,1243.21599332351
1417,2020,CA,CCO,LAC,BANNING,00385995,2020-12-20 00:00:00+00:00,2020-12-20 00:00:00+00:00,11.0,3.0,1.0,1.529065,2020,8908.9140625,466.336693910691
1467,2020,CA,CCO,LAC,VISTA,00172557,2020-06-12 00:00:00+00:00,2020-06-12 00:00:00+00:00,14.0,4.0,1.0,16.15369,2020,95632.7890625,3240.06921411074
1470,2020,CA,CCO,LAC,PEAK,00238836,2020-08-11 00:00:00+00:00,2020-08-11 00:00:00+00:00,10.0,7.0,1.0,26.72971,2020,158808.44921875,1872.92443606597
1471,2020,CA,CCO,LAC,ROCK POOL,00244876,2020-08-16 00:00:00+00:00,2020-08-17 00:00:00+00:00,14.0,7.0,1.0,92.71667,2020,548603.20703125,4264.61092839376
1472,2020,CA,CCO,LAC,WAVE,00307499,2020-10-10 00:00:00+00:00,2020-10-10 00:00:00+00:00,14.0,4.0,1.0,5.205859,2020,30752.69921875,1214.28639972654
1673,2019,CA,CCO,LAC,TOPANGA 2,Unknown,2019-11-16 00:00:00+00:00,2019-11-16 00:00:00+00:00,14.0,6.0,1.0,3.962995,2010,23451.6171875,680.19556732091
1716,2019,CA,CCO,LAC,LAKE 2,Unknown,2019-08-02 00:00:00+00:00,2019-08-02 00:00:00+00:00,14.0,6.0,1.0,1.006445,2010,5982.30460810661,274.182159948825
1778,2019,CA,CCO,LAC,TICK,Unknown,2019-10-24 00:00:00+00:00,2019-10-31 00:00:00+00:00,14.0,3.0,1.0,4581.739,2010,27336078.6953125,59174.7200961569
1790,2019,CA,CCO,LAC,MUREAU,Unknown,2019-10-30 00:00:00+00:00,2019-10-30 00:00:00+00:00,14.0,7.0,1.0,5.9004,2010,34952.75,963.071018828235
2060,2018,CA,CCO,LAC,RAMBLA,00048048,2018-02-13 00:00:00+00:00,2018-02-13 00:00:00+00:00,11.0,1.0,1.0,0.02526989,2010,149.3515625,62.4067150575034
2061,2018,CA,CCO,LAC,BRIDGE,00118530,2018-04-19 00:00:00+00:00,2018-04-20 00:00:00+00:00,11.0,1.0,1.0,7.767941,2010,46535.18359375,1735.42714048899
2062,2018,CA,CCO,LAC,HEFFNER,00134007,2018-05-04 00:00:00+00:00,2018-05-05 00:00:00+00:00,14.0,1.0,1.0,17.8683,2010,106552.078125,2311.12414602473
2063,2018,CA,CCO,LAC,COMMERCE,00136301,2018-05-06 00:00:00+00:00,2018-05-06 00:00:00+00:00,11.0,1.0,1.0,14.20331,2010,84695.1796875,3047.44235824034
2064,2018,CA,CCO,LAC,SOUTH,00171655,2018-06-09 00:00:00+00:00,2018-06-12 00:00:00+00:00,14.0,7.0,1.0,175.1159,2010,1042451.62890625,4169.41077632081
2065,2018,CA,CCO,LAC,VIEW,00157745,2018-05-27 00:00:00+00:00,2018-05-27 00:00:00+00:00,2.0,1.0,1.0,0.1131595,2010,667.6484375,167.795439282033
2066,2018,CA,CCO,LAC,SUN,00184429,2018-06-21 00:00:00+00:00,2018-06-21 00:00:00+00:00,14.0,1.0,1.0,0.9127468,2010,5428.96875,543.806037284555
2067,2018,CA,CCO,LAC,DULCE,00250407,2018-08-18 00:00:00+00:00,2018-08-18 00:00:00+00:00,15.0,1.0,1.0,9.17901,2010,54783.76953125,2078.39087973815
2068,2018,CA,CCO,LAC,VANTAGE,00273301,2018-09-08 00:00:00+00:00,2018-09-08 00:00:00+00:00,3.0,1.0,1.0,0.1195796,2010,705.2578125,105.789006114859
2069,2018,CA,CCO,LAC,STONE,00166129,2018-06-04 00:00:00+00:00,2018-06-05 00:00:00+00:00,2.0,7.0,1.0,1350.647,2010,8076638.40234375,23581.6876487441
2070,2018,CA,CCO,LAC,QUAIL,00314199,2018-10-16 00:00:00+00:00,2018-10-16 00:00:00+00:00,14.0,1.0,1.0,2.155347,2010,12957.94140625,860.112573530667
2071,2018,CA,CCO,LAC,WELDON,00331818,2018-11-01 00:00:00+00:00,2018-11-01 00:00:00+00:00,2.0,1.0,1.0,0.08640093,2010,514.18359375,97.5897796246284
2072,2018,CA,CCO,LAC,CHARLIE,00288255,2018-09-22 00:00:00+00:00,2018-09-23 00:00:00+00:00,14.0,7.0,1.0,3350.528,2010,20020954.2382812,30913.2829436431
2073,2018,CA,CCO,LAC,MUREAU,00307419,2018-10-10 00:00:00+00:00,2018-10-10 00:00:00+00:00,11.0,1.0,1.0,0.1335966,2010,791.41015625,125.802097341378
2074,2018,CA,CCO,LAC,SANTA MARIA,00330515,2018-10-31 00:00:00+00:00,2018-10-31 00:00:00+00:00,14.0,1.0,1.0,1.347234,2010,7975.60552889109,601.430444495755
2075,2018,CA,CCO,LAC,COPCO,00345491,2018-11-07 00:00:00+00:00,2018-11-14 00:00:00+00:00,9.0,1.0,1.0,6.980345,2010,41912.03125,982.77242084307
2076,2018,CA,CCO,LAC,FAIRMONT,00273722,2018-09-09 00:00:00+00:00,2018-09-09 00:00:00+00:00,14.0,7.0,1.0,219.2987,2010,1316299.03125,5748.20109397697
2077,2018,CA,CCO,LAC,OAK,00389425,2018-12-25 00:00:00+00:00,2018-12-25 00:00:00+00:00,11.0,1.0,1.0,2.18085,2010,13017.6640625,582.622201109047
2213,2018,CA,CCO,LAC,PICO,00221025,2018-07-23 00:00:00+00:00,2018-07-24 00:00:00+00:00,14.0,7.0,1.0,111.3536,2010,663352.50390625,6399.92933172952
2214,2018,CA,CCO,LAC,WOOLSEY,00338981,2018-11-08 00:00:00+00:00,2018-11-20 00:00:00+00:00,11.0,7.0,1.0,89551.38,2010,530077573.371094,657758.046565514
2457,2017,CA,CCO,LAC,ENCINAL,00125827,2017-04-29 00:00:00+00:00,2017-04-29 00:00:00+00:00,2.0,7.0,1.0,2.525276,2010,14933.80078125,750.120974597807
2458,2017,CA,CCO,LAC,PLACERITA,00187296,2017-06-25 00:00:00+00:00,2017-06-26 00:00:00+00:00,7.0,7.0,1.0,759.7584,2010,4525545.8359375,18978.9736384337
2459,2017,CA,CCO,LAC,LAKE,00178275,2017-06-17 00:00:00+00:00,2017-06-17 00:00:00+00:00,14.0,7.0,1.0,733.2616,2010,4385183.73828125,17739.3844126574
2460,2017,CA,CCO,LAC,STOKES,00191819,2017-06-29 00:00:00+00:00,2017-07-02 00:00:00+00:00,14.0,7.0,1.0,42.10419,2010,249150.1953125,2640.65544771803
2461,2017,CA,CCO,LAC,GAVINA,00143075,2017-05-15 00:00:00+00:00,2017-05-15 00:00:00+00:00,4.0,1.0,1.0,2.574129,2010,15311.2265625,712.967430517682
2462,2017,CA,CCO,LAC,MULHOLLAND,00147096,2017-05-19 00:00:00+00:00,2017-05-19 00:00:00+00:00,14.0,1.0,1.0,7.373501,2010,43624.45703125,1365.05840633091
2463,2017,CA,CCO,LAC,BARN,00157711,2017-05-29 00:00:00+00:00,2017-05-29 00:00:00+00:00,4.0,7.0,1.0,2.064039,2010,12330.96875,541.38648636913
2464,2017,CA,CCO,LAC,FIVE,00163449,2017-06-03 00:00:00+00:00,2017-06-03 00:00:00+00:00,14.0,7.0,1.0,25.30416,2010,151271.87109375,2686.85859822005
2465,2017,CA,CCO,LAC,SOUTH,00174063,2017-06-13 00:00:00+00:00,2017-06-13 00:00:00+00:00,4.0,1.0,1.0,9.507282,2010,57020.25390625,1177.2297938569
2466,2017,CA,CCO,LAC,WAGON,00184068,2017-06-22 00:00:00+00:00,2017-06-22 00:00:00+00:00,2.0,7.0,1.0,0.1805364,2010,1078.046875,154.415832407693
2467,2017,CA,CCO,LAC,BROWNS,00197749,2017-07-04 00:00:00+00:00,2017-07-05 00:00:00+00:00,8.0,7.0,1.0,0.03477105,2010,206.75,76.8444736800326
2468,2017,CA,CCO,LAC,VISTA,00224040,2017-07-29 00:00:00+00:00,2017-07-29 00:00:00+00:00,14.0,7.0,1.0,0.5557644,2010,3322.33203125,327.685859742429
2469,2017,CA,CCO,LAC,PALMS,00227042,2017-07-31 00:00:00+00:00,2017-07-31 00:00:00+00:00,14.0,7.0,1.0,2.911873,2010,17195.82421875,667.983315539701
2470,2017,CA,CCO,LAC,JOHNSON,00171906,2017-06-11 00:00:00+00:00,2017-06-11 00:00:00+00:00,7.0,7.0,1.0,38.81298,2010,232771.9453125,3727.66889737429
2471,2017,CA,CCO,LAC,CANYON,00197049,2017-07-04 00:00:00+00:00,2017-07-04 00:00:00+00:00,14.0,7.0,1.0,1.362349,2010,8033.296875,804.378836961196
2472,2017,CA,CCO,LAC,NEENACH,00192904,2017-06-30 00:00:00+00:00,2017-06-30 00:00:00+00:00,2.0,7.0,1.0,18.74323,2010,112692.73046875,1732.55656891096
2473,2017,CA,CCO,LAC,OLD,00212637,2017-07-18 00:00:00+00:00,2017-07-18 00:00:00+00:00,2.0,7.0,1.0,1.638321,2010,9747.8828125,621.700390963247
2474,2017,CA,CCO,LAC,HASLEY,00202478,2017-07-09 00:00:00+00:00,2017-07-09 00:00:00+00:00,8.0,1.0,1.0,1.342572,2010,8010.05859375,396.208921324656
2475,2017,CA,CCO,LAC,MARTINEZ,00298577,2017-10-05 00:00:00+00:00,2017-10-06 00:00:00+00:00,7.0,1.0,1.0,0.05247684,2010,313.05859375,84.9692708032463
2476,2017,CA,CCO,LAC,COYOTE,00324083,2017-10-29 00:00:00+00:00,2017-10-29 00:00:00+00:00,14.0,1.0,1.0,0.2426913,2010,1438.92578125,207.601785479195
2477,2017,CA,CCO,LAC,MEDLEY,00314882,2017-10-21 00:00:00+00:00,2017-10-21 00:00:00+00:00,14.0,1.0,1.0,0.02775379,2010,164.1484375,61.6310025173991
2478,2017,CA,CCO,LAC,TETON,00290730,2017-09-28 00:00:00+00:00,2017-09-28 00:00:00+00:00,14.0,7.0,1.0,0.3011239,2010,1777.46875,219.109806654465
2479,2017,CA,CCO,LAC,LEONA,00270836,2017-09-09 00:00:00+00:00,2017-09-09 00:00:00+00:00,11.0,1.0,1.0,0.139297,2010,834.13671875,136.421125774922
2480,2017,CA,CCO,LAC,ESCONDIDO,00241015,2017-08-13 00:00:00+00:00,2017-08-13 00:00:00+00:00,14.0,1.0,1.0,65.97264,2010,394057.0078125,3261.06603557647
2481,2017,CA,CCO,LAC,PARKMOR,00220731,2017-07-25 00:00:00+00:00,2017-07-25 00:00:00+00:00,14.0,1.0,1.0,1.132044,2010,6707.03125,322.580428171964
2482,2017,CA,CCO,LAC,TOWSLEY,00207488,2017-07-13 00:00:00+00:00,2017-07-15 00:00:00+00:00,8.0,7.0,1.0,35.99306,2010,214235.859375,2985.56062120632
2483,2017,CA,CCO,LAC,RODEO,00218382,2017-07-23 00:00:00+00:00,2017-07-23 00:00:00+00:00,14.0,1.0,1.0,61.10294,2010,361739.70703125,6777.39635565649
2484,2017,CA,CCO,LAC,GORMAN,00223518,2017-07-28 00:00:00+00:00,2017-07-28 00:00:00+00:00,14.0,7.0,1.0,149.61,2010,899961.0078125,6001.88563704616
2485,2017,CA,CCO,LAC,SIERRA,00255759,2017-08-27 00:00:00+00:00,2017-08-28 00:00:00+00:00,2.0,1.0,1.0,36.46341,2010,217830.67578125,2749.51960208942
2486,2017,CA,CCO,LAC,HACIENDA,00338819,2017-11-12 00:00:00+00:00,2017-11-12 00:00:00+00:00,14.0,1.0,1.0,0.247208,2010,1458.421875,212.624414426701
2487,2017,CA,CCO,LAC,SKYLINE,00339735,2017-11-13 00:00:00+00:00,2017-11-13 00:00:00+00:00,2.0,1.0,1.0,0.07016324,2010,415.279760499485,152.499434605055
2488,2017,CA,CCO,LAC,RAMBLA,00377553,2017-12-18 00:00:00+00:00,2017-12-18 00:00:00+00:00,2.0,1.0,1.0,0.1799399,2010,1063.47823938914,138.045665168854
2489,2017,CA,CCO,LAC,CREEK,00362189,2017-12-05 00:00:00+00:00,2017-12-05 00:00:00+00:00,14.0,7.0,1.0,15619.15,2010,92857036.046875,71990.6476738906
2490,2017,CA,CCO,LAC,RYE,00362441,2017-12-05 00:00:00+00:00,2017-12-13 00:00:00+00:00,14.0,7.0,1.0,6047.719,2010,36056780.6015625,43088.9726766245
2818,2017,CA,CCO,LAC,TOPANGA,00191835,2017-06-29 00:00:00+00:00,2017-07-02 00:00:00+00:00,14.0,7.0,1.0,20.00055,2010,118210.6953125,2543.84169062352
2986,2016,CA,CCO,LAC,NEWHALL  FIRE,109704,2016-04-15 00:00:00+00:00,2016-04-15 00:00:00+00:00,11.0,1.0,1.0,28.31304,2010,168912.859375,4723.16438130099
2987,2016,CA,CCO,LAC,GORMAN FIRE,114380,2016-04-19 00:00:00+00:00,2016-04-19 00:00:00+00:00,14.0,7.0,1.0,105.8172,2010,636358.6953125,6493.24981621831
2988,2016,CA,CCO,LAC,WESTLAKE  FIRE,118511,2016-04-23 00:00:00+00:00,2016-04-24 00:00:00+00:00,14.0,1.0,1.0,1.313691,2010,7777.9921875,594.999254997107
2989,2016,CA,CCO,LAC,CEMENT FIRE,124428,2016-04-29 00:00:00+00:00,2016-04-29 00:00:00+00:00,5.0,1.0,1.0,30.11751,2010,181025.890625,2826.02914181132
2990,2016,CA,CCO,LAC,DALE FIRE,153333,2016-05-28 00:00:00+00:00,2016-05-28 00:00:00+00:00,14.0,7.0,1.0,4.628255,2010,27654.86328125,1288.19971681375
2991,2016,CA,CCO,LAC,WAYSIDE FIRE,165688,2016-06-09 00:00:00+00:00,2016-06-09 00:00:00+00:00,14.0,1.0,1.0,7.189027,2010,42892.7421875,1121.68104005965
2992,2016,CA,CCO,LAC,SAGE FIRE,198015,2016-07-09 00:00:00+00:00,2016-07-16 00:00:00+00:00,4.0,7.0,1.0,850.8893,2010,5066086.77734375,12250.8143587639
2993,2016,CA,CCO,LAC,TOPANGA FIRE,180879,2016-06-23 00:00:00+00:00,2016-06-23 00:00:00+00:00,14.0,1.0,1.0,0.8112921,2010,4803.2265625,431.226092679497
2994,2016,CA,CCO,LAC,SYCAMORE FIRE,201310,2016-07-12 00:00:00+00:00,2016-07-12 00:00:00+00:00,14.0,1.0,1.0,3.283275,2010,19571.50390625,1095.15290454111
2995,2016,CA,CCO,LAC,BARNES FIRE,208738,2016-07-19 00:00:00+00:00,2016-07-19 00:00:00+00:00,3.0,1.0,1.0,12.63156,2010,75950.890625,2185.10267771063
2996,2016,CA,CCO,LAC,OAK FIRE,226396,2016-08-05 00:00:00+00:00,2016-08-05 00:00:00+00:00,14.0,1.0,1.0,8.100562,2010,48348.55859375,1231.57110210211
2997,2016,CA,CCO,LAC,SPRINGS FIRE,236285,2016-08-15 00:00:00+00:00,2016-08-15 00:00:00+00:00,14.0,1.0,1.0,0.1328488,2010,797.890625,110.016999673447
2998,2016,CA,CCO,LAC,GORMAN FIRE,254944,2016-09-02 00:00:00+00:00,2016-09-02 00:00:00+00:00,14.0,1.0,1.0,4.489233,2010,27000.59765625,786.713144019938
2999,2016,CA,CCO,LAC,CALGROVE FIRE,273740,2016-09-20 00:00:00+00:00,2016-09-20 00:00:00+00:00,14.0,1.0,1.0,7.824634,2010,46573.90234375,1191.89502582574
3000,2016,CA,CCO,LAC,SOLEDAD  FIRE,278851,2016-09-25 00:00:00+00:00,2016-09-25 00:00:00+00:00,14.0,7.0,1.0,3.725425,2010,22215.4140625,1494.3756501264
3001,2016,CA,CCO,LAC,JOHNSON FIRE,295616,2016-10-11 00:00:00+00:00,2016-10-11 00:00:00+00:00,14.0,7.0,1.0,101.4958,2010,608600.41015625,5050.78409284298
3002,2016,CA,CCO,LAC,SESNON FIRE,303335,2016-10-18 00:00:00+00:00,2016-10-19 00:00:00+00:00,14.0,7.0,1.0,28.68535,2010,170549.94140625,2086.9600299744
3003,2016,CA,CCO,LAC,KAGEL FIRE,303946,2016-10-19 00:00:00+00:00,2016-10-19 00:00:00+00:00,14.0,7.0,1.0,61.8065,2010,367312.1484375,2847.43061722542
3004,2016,CA,CCO,LAC,NEWELL FIRE,326026,2016-11-09 00:00:00+00:00,2016-11-09 00:00:00+00:00,3.0,7.0,1.0,0.5850569,2010,3457.40625,557.148866367015
3005,2016,CA,CCO,LAC,CROSSROADS FIRE,327021,2016-11-10 00:00:00+00:00,2016-11-10 00:00:00+00:00,2.0,7.0,1.0,0.9183477,2010,5424.52734375,399.440344566748
3006,2016,CA,CCO,LAC,RIDGE FIRE,336072,2016-11-19 00:00:00+00:00,2016-11-19 00:00:00+00:00,10.0,7.0,1.0,4.446684,2010,26581.14453125,1093.5751724711
3007,2016,CA,CCO,LAC,LIBERTY FIRE,377364,2016-12-29 00:00:00+00:00,2016-12-29 00:00:00+00:00,14.0,7.0,1.0,4.798984,2010,28409.38671875,1044.93421707647
3177,2016,CA,CCO,LAC,OLD,160799,2016-06-04 00:00:00+00:00,2016-06-08 00:00:00+00:00,2.0,1.0,1.0,463.1134,2010,2742222.0078125,13279.3008735954
3201,2015,CA,CCO,LAC,TUNA,071109,2015-03-13 00:00:00+00:00,2015-03-13 00:00:00+00:00,4.0,1.0,1.0,1.204807,2010,7119.8671875,499.973783287029
3202,2015,CA,CCO,LAC,WAYSIDE,091465,2015-04-02 00:00:00+00:00,2015-04-02 00:00:00+00:00,2.0,1.0,1.0,6.601349,2010,39381.73046875,1125.80902219772
3203,2015,CA,CCO,LAC,ZEBRA,122453,2015-05-03 00:00:00+00:00,2015-05-03 00:00:00+00:00,14.0,1.0,1.0,10.10341,2010,60598.609375,1602.0986289968
3204,2015,CA,CCO,LAC,MUNZ,143984,2015-05-26 00:00:00+00:00,2015-05-26 00:00:00+00:00,14.0,1.0,1.0,96.20006,2010,577459.23046875,4481.43056065106
3205,2015,CA,CCO,LAC,CASTAIC,162050,2015-06-13 00:00:00+00:00,2015-06-13 00:00:00+00:00,14.0,1.0,1.0,31.04365,2010,185487.265625,2872.11375596336
3206,2015,CA,CCO,LAC,WIND,146978,2015-05-29 00:00:00+00:00,2015-05-29 00:00:00+00:00,2.0,1.0,1.0,6.101388,2010,36439.44921875,1181.80348629863
3207,2015,CA,CCO,LAC,FREEWAY,172068,2015-06-23 00:00:00+00:00,2015-06-23 00:00:00+00:00,2.0,1.0,1.0,11.55442,2010,69095.828125,1296.44214317374
3208,2015,CA,CCO,LAC,POPPY,154023,2015-06-05 00:00:00+00:00,2015-06-06 00:00:00+00:00,14.0,1.0,1.0,410.6794,2010,2465704.94140625,18023.0112896964
3209,2015,CA,CCO,LAC,RIDGE,178457,2015-06-29 00:00:00+00:00,2015-06-29 00:00:00+00:00,14.0,1.0,1.0,9.38639,2010,56088.828125,1408.11666262392
3210,2015,CA,CCO,LAC,CALGROVE,173220,2015-06-24 00:00:00+00:00,2015-06-26 00:00:00+00:00,14.0,1.0,1.0,364.396,2010,2169098.6328125,11030.3969388144
3211,2015,CA,CCO,LAC,REMSEN,191687,2015-07-12 00:00:00+00:00,2015-07-12 00:00:00+00:00,14.0,7.0,1.0,16.50616,2010,98251.66796875,2600.87726894921
3212,2015,CA,CCO,LAC,HOPPER,252223,2015-09-09 00:00:00+00:00,2015-09-10 00:00:00+00:00,1.0,7.0,1.0,10.72429,2010,64101.7421875,2630.87712856745
3213,2015,CA,CCO,LAC,FOUR BAY,252223,2015-09-09 00:00:00+00:00,2015-09-10 00:00:00+00:00,1.0,7.0,1.0,4.724183,2010,28255.0,1503.96986406252
3214,2015,CA,CCO,LAC,WAYSIDE,252223,2015-09-09 00:00:00+00:00,2015-09-10 00:00:00+00:00,1.0,1.0,1.0,7.424892,2010,44297.5703125,2008.56143063485
3215,2015,CA,CCO,LAC,SPUNKY,240921,2015-08-29 00:00:00+00:00,2015-08-29 00:00:00+00:00,2.0,1.0,1.0,5.217817,2010,31228.69921875,1165.52518129375
3216,2015,CA,CCO,LAC,JOHNSON,247713,2015-09-05 00:00:00+00:00,2015-09-05 00:00:00+00:00,9.0,1.0,1.0,53.45473,2010,320586.859375,3394.11008983116
3217,2015,CA,CCO,LAC,LINCOLN,227348,2015-08-16 00:00:00+00:00,2015-08-16 00:00:00+00:00,14.0,7.0,1.0,234.188,2010,1383358.328125,10568.461279019
3641,2014,CA,CCO,LAC,PINE  FIRE,065279,2014-03-15 00:00:00+00:00,2014-03-15 00:00:00+00:00,10.0,7.0,1.0,117.0455,2010,703412.28515625,4964.2452134967
3829,2013,CA,CCO,LAC,BOUQUET,00001331,2013-04-08 00:00:00+00:00,2013-04-08 00:00:00+00:00,9.0,6.0,1.0,10.92064,2010,65171.41796875,1459.79411399308
3830,2013,CA,CCO,LAC,CANYON,00223517,2013-09-13 00:00:00+00:00,2013-09-13 00:00:00+00:00,14.0,1.0,1.0,12.73037,2010,75364.5859375,2053.29366976042
3831,2013,CA,CCO,LAC,CANYON,00230689,2013-09-21 00:00:00+00:00,2013-09-21 00:00:00+00:00,9.0,1.0,1.0,21.94959,2010,131062.3984375,2131.15663683913
3832,2013,CA,LRA,LAC,CANYON,Unknown,2013-08-19 00:00:00+00:00,2013-08-19 00:00:00+00:00,14.0,6.0,1.0,1.532762,2010,9078.63671875,376.634377410024
3833,2013,CA,CCO,LAC,CASTRO,00000650,2013-07-08 00:00:00+00:00,2013-07-08 00:00:00+00:00,2.0,6.0,1.0,0.608927,2010,3601.64453125,288.716562748266
3834,2013,CA,CCO,LAC,CLARITA,00242641,2013-10-05 00:00:00+00:00,2013-10-05 00:00:00+00:00,14.0,1.0,1.0,6.421675,2010,38205.94921875,2358.12597247533
3835,2013,CA,CCO,LAC,COLTRANE,00149433,2013-06-22 00:00:00+00:00,2013-06-22 00:00:00+00:00,14.0,1.0,1.0,15.10816,2010,89912.44140625,1610.59585896559
3836,2013,CA,USF,LAC,GABRIEL,00003617,2013-07-30 00:00:00+00:00,2013-08-18 00:00:00+00:00,2.0,6.0,1.0,3.933502,2010,23348.671875,616.514824146337
3837,2013,CA,CCO,LAC,LAKE,00118144,2013-05-17 00:00:00+00:00,2013-05-18 00:00:00+00:00,3.0,7.0,1.0,659.6399,2010,3942097.4296875,13017.7262411911
3838,2013,CA,CCO,LAC,LOWRIDGE,00315713,2013-12-29 00:00:00+00:00,2013-12-29 00:00:00+00:00,14.0,1.0,1.0,12.89286,2010,76971.2578125,2046.10977391814
3839,2013,CA,CCO,LAC,MADISON,00126694,2013-05-27 00:00:00+00:00,2013-05-27 00:00:00+00:00,2.0,7.0,1.0,5.662212,2010,33774.25390625,912.156426787017
3840,2013,CA,CCO,LAC,MADRE,00232559,2013-09-23 00:00:00+00:00,2013-09-27 00:00:00+00:00,5.0,7.0,1.0,209.502,2010,1241493.78125,5678.74580091579
3841,2013,CA,CCO,LAC,MAGIC,00127427,2013-05-28 00:00:00+00:00,2013-05-28 00:00:00+00:00,2.0,1.0,1.0,145.1069,2010,864912.7421875,7302.05264891994
3842,2013,CA,CCO,LAC,MARPLE,00219426,2013-09-08 00:00:00+00:00,2013-09-08 00:00:00+00:00,3.0,1.0,1.0,6.544206,2010,39124.3046875,967.735141330471
3843,2013,CA,LRA,LAC,MAY,00103948,2013-05-01 00:00:00+00:00,2013-05-01 00:00:00+00:00,14.0,1.0,1.0,39.12205,2010,235267.25,2678.62404152627
3844,2013,CA,CCO,LAC,OLD TOPANGA,00000232,2013-03-11 00:00:00+00:00,2013-03-11 00:00:00+00:00,14.0,6.0,1.0,0.0852045,2010,504.34375,86.3864796407635
3845,2013,CA,LRA,LAC,SHOOTING,00004140,2013-08-27 00:00:00+00:00,2013-08-27 00:00:00+00:00,2.0,8.0,1.0,10.215,2010,60525.33984375,1410.6480495797
3846,2013,CA,CCO,LAC,VIRGENES,00000846,2013-09-18 00:00:00+00:00,2013-09-19 00:00:00+00:00,14.0,6.0,1.0,3.633029,2010,21500.41015625,697.3402177885
4187,2012,CA,CCO,LAC,AGUA,00001588,2012-04-08 00:00:00+00:00,2012-08-04 00:00:00+00:00,2.0,6.0,1.0,7.086761,2010,42290.55859375,775.270341350584
4188,2012,CA,CCO,LAC,ALISO FIRE,00001398,2012-01-02 00:00:00+00:00,2012-01-02 00:00:00+00:00,2.0,1.0,1.0,12.31213,2010,73466.59765625,2066.36026417789
4189,2012,CA,CCO,LAC,BOUQUET,00005329,2012-10-03 00:00:00+00:00,2012-10-03 00:00:00+00:00,9.0,6.0,1.0,9.260748,2010,55451.4609375,914.033409827182
4190,2012,CA,CCO,LAC,CASTLE ROCK FIRE,00021069,2012-01-26 00:00:00+00:00,2012-01-26 00:00:00+00:00,11.0,1.0,1.0,0.6287549,2010,3658.515625,370.371077847368
4191,2012,CA,CCO,LAC,COPCO FIRE,00195835,2012-08-18 00:00:00+00:00,2012-08-18 00:00:00+00:00,14.0,1.0,1.0,146.9889,2010,883171.91796875,6442.89548547936
4192,2012,CA,CCO,LAC,ESCONDIDO FIRE,00128234,2012-06-01 00:00:00+00:00,2012-06-01 00:00:00+00:00,3.0,1.0,1.0,0.393941,2010,2352.19921875,221.742662014438
4193,2012,CA,CCO,LAC,FIVE MILE FIRE,00134232,2012-06-08 00:00:00+00:00,2012-06-08 00:00:00+00:00,2.0,7.0,1.0,488.7408,2010,2921616.58984375,10589.4034060998
4194,2012,CA,LRA,LAC,GLADDING,00005678,2012-10-25 00:00:00+00:00,,9.0,1.0,1.0,5.810968,2010,34636.21484375,954.133690515807
4195,2012,CA,CCO,LAC,HIGHWAY,00002205,2012-05-20 00:00:00+00:00,,2.0,6.0,1.0,7.48768,2010,44994.33203125,901.057260095585
4196,2012,CA,LRA,LAC,HILLSIDE,00003279,2012-07-03 00:00:00+00:00,2012-03-07 00:00:00+00:00,9.0,6.0,1.0,47.19527,2010,282436.0546875,2302.3325606172
4197,2012,CA,CCO,LAC,HILLSIDE FIRE,00155974,2012-07-03 00:00:00+00:00,2012-07-03 00:00:00+00:00,14.0,1.0,1.0,885.1592,2010,5296213.6875,12938.8884474885
4198,2012,CA,CCO,LAC,MARTINEZ FIRE,00032579,2012-02-09 00:00:00+00:00,2012-02-09 00:00:00+00:00,14.0,1.0,1.0,4.11401,2010,24535.296875,675.26926098329
4199,2012,CA,CCO,LAC,MESA FIRE,00178914,2012-07-30 00:00:00+00:00,2012-07-30 00:00:00+00:00,2.0,1.0,1.0,10.90204,2010,65113.05078125,1163.61331100234
4200,2012,CA,CCO,LAC,MULHOLLAND,00000979,2012-10-26 00:00:00+00:00,2012-10-26 00:00:00+00:00,14.0,1.0,1.0,1.006281,2010,5978.40492248535,274.092779797681
4201,2012,CA,CCO,LAC,OASIS FIRE,00152881,2012-06-30 00:00:00+00:00,2012-06-30 00:00:00+00:00,14.0,1.0,1.0,94.33763,2010,562578.16796875,3983.84932534805
4202,2012,CA,LRA,LAC,OLIVEVIEW,00003900,2012-07-24 00:00:00+00:00,2012-07-25 00:00:00+00:00,14.0,1.0,1.0,5.262163,2010,31305.83984375,836.443098925997
4203,2012,CA,CCO,LAC,RIDGE FIRE,00148572,2012-06-25 00:00:00+00:00,2012-06-25 00:00:00+00:00,14.0,1.0,1.0,27.09223,2010,162811.02734375,2769.68068480867
4204,2012,CA,CCO,LAC,TEJON,00002999,2012-06-23 00:00:00+00:00,,9.0,6.0,1.0,13.61068,2010,81196.08203125,1106.5705470494
4205,2012,CA,CCO,LAC,TOVEY FIRE,00179879,2012-07-31 00:00:00+00:00,2012-07-31 00:00:00+00:00,14.0,1.0,1.0,71.69716,2010,428803.73046875,2897.41943108047
4206,2012,CA,CCO,LAC,TREE FIRE,00108014,2012-05-08 00:00:00+00:00,2012-05-08 00:00:00+00:00,14.0,1.0,1.0,126.4701,2010,754222.0625,12216.3375804913
4207,2012,CA,CCO,LAC,VANTAGE POINTE FIRE,00052201,2012-03-03 00:00:00+00:00,2012-03-03 00:00:00+00:00,14.0,1.0,1.0,0.2644691,2010,1559.5390625,247.677435208746
4208,2012,CA,CCO,LAC,VINCENT,00004714,2012-08-30 00:00:00+00:00,,1.0,6.0,1.0,8.250733,2010,49288.7578125,1030.2181485238
4519,2011,CA,CCO,LAC,BANNING,00099277,2011-05-02 00:00:00+00:00,2011-05-02 00:00:00+00:00,2.0,7.0,1.0,117.999,2010,687484.37890625,4315.92378065701
4520,2011,CA,CCO,LAC,CHARLIE,00148165,2011-07-02 00:00:00+00:00,2011-07-02 00:00:00+00:00,14.0,1.0,1.0,80.12396,2010,481904.89453125,4222.31498454896
4521,2011,CA,CCO,LAC,COLINA,Unknown,2011-07-10 00:00:00+00:00,2011-07-10 00:00:00+00:00,9.0,1.0,1.0,0.09397248,2010,558.335671246052,83.7630764247708
4522,2011,CA,CCO,LAC,EAST,00116101,2011-05-23 00:00:00+00:00,2011-05-23 00:00:00+00:00,14.0,7.0,1.0,27.7058,2010,166418.046875,1934.52069421461
4523,2011,CA,CCO,LAC,EAST,00194722,2011-08-27 00:00:00+00:00,2011-08-27 00:00:00+00:00,1.0,1.0,1.0,113.5577,2010,681526.0546875,4572.91449350967
4524,2011,CA,CCO,LAC,EMMA,00154862,2011-07-09 00:00:00+00:00,2011-07-09 00:00:00+00:00,2.0,7.0,1.0,29.46317,2010,175832.125,3314.72479869075
4525,2011,CA,CCO,LAC,ENCINAL,Unknown,2011-07-07 00:00:00+00:00,2011-07-07 00:00:00+00:00,2.0,1.0,1.0,2.435148,2010,14470.3184978962,426.426295100583
4526,2011,CA,CCO,LAC,FOOSE,Unknown,2011-08-02 00:00:00+00:00,2011-08-02 00:00:00+00:00,9.0,5.0,1.0,0.7461584,2010,4431.26696026325,235.976572807539
4527,2011,CA,CCO,LAC,HUGHES,00140690,2011-06-23 00:00:00+00:00,2011-06-23 00:00:00+00:00,14.0,7.0,1.0,50.53924,2010,301732.30078125,3115.20597173958
4528,2011,CA,CCO,LAC,INDIA,00100116,2011-05-03 00:00:00+00:00,2011-05-03 00:00:00+00:00,2.0,7.0,1.0,57.09016,2010,342673.23828125,2751.93947127711
4529,2011,CA,CCO,LAC,LANCASTER,00191875,2011-08-24 00:00:00+00:00,2011-08-24 00:00:00+00:00,5.0,1.0,1.0,17.14412,2010,102933.2578125,1914.37756055867
4530,2011,CA,CCO,LAC,LANCASTER,00199843,2011-09-02 00:00:00+00:00,2011-09-02 00:00:00+00:00,1.0,7.0,1.0,36.84941,2010,221025.91796875,2955.02229969224
4531,2011,CA,CCO,LAC,LAS VIRGENES,Unknown,2011-08-24 00:00:00+00:00,2011-08-24 00:00:00+00:00,9.0,1.0,1.0,1.305455,2010,7758.60746741295,312.24595575695
4532,2011,CA,CCO,LAC,LIGHTNING,00217140,2011-09-23 00:00:00+00:00,2011-09-23 00:00:00+00:00,1.0,7.0,1.0,132.5602,2010,797048.28125,4528.19139409819
4533,2011,CA,CCO,LAC,MALIBU BEACH,00000111,2011-01-14 00:00:00+00:00,2011-01-14 00:00:00+00:00,9.0,1.0,1.0,0.09395437,2010,557.573036432266,83.7058505723618
4534,2011,CA,CCO,LAC,NEENACH,00204886,2011-09-08 00:00:00+00:00,2011-09-08 00:00:00+00:00,14.0,1.0,1.0,42.16852,2010,253622.87109375,3101.75294407031
4535,2011,CA,CCO,LAC,NORTH,00169456,2011-07-27 00:00:00+00:00,2011-07-27 00:00:00+00:00,14.0,7.0,1.0,23.67797,2010,142072.39453125,1719.54447672708
4536,2011,CA,CCO,LAC,OASIS,00194624,2011-08-27 00:00:00+00:00,2011-08-27 00:00:00+00:00,1.0,7.0,1.0,355.5502,2010,2120391.66015625,11041.1436842462
4537,2011,CA,CCO,LAC,PARK,00217184,2011-09-23 00:00:00+00:00,2011-09-23 00:00:00+00:00,14.0,7.0,1.0,82.12325,2010,493332.125,4318.13329433762
4538,2011,CA,CCO,LAC,PEAR,00179259,2011-08-08 00:00:00+00:00,2011-08-08 00:00:00+00:00,14.0,7.0,1.0,23.38194,2010,139721.41796875,2231.02249003858
4539,2011,CA,CCO,LAC,PERKINS,00190520,2011-08-22 00:00:00+00:00,2011-08-22 00:00:00+00:00,14.0,7.0,1.0,27.30478,2010,163843.27734375,2586.18980110461
4540,2011,CA,CCO,LAC,PIUMA,Unknown,2011-10-31 00:00:00+00:00,2011-10-31 00:00:00+00:00,10.0,5.0,1.0,0.09396579,2010,558.052534639835,83.7418352611445
4541,2011,CA,CCO,LAC,RANGE,00120055,2011-05-28 00:00:00+00:00,2011-05-28 00:00:00+00:00,10.0,7.0,1.0,241.0146,2010,1448829.9453125,8217.35546958081
4542,2011,CA,CCO,LAC,RIVERBED,00140046,2011-06-22 00:00:00+00:00,2011-06-22 00:00:00+00:00,14.0,1.0,1.0,108.0505,2010,646456.08203125,4998.91101499035
4543,2011,CA,CCO,LAC,SIERRA,00193674,2011-08-26 00:00:00+00:00,2011-08-26 00:00:00+00:00,2.0,1.0,1.0,12.05157,2010,71989.45703125,1382.6680830408
4544,2011,CA,CCO,LAC,WAGON,00202081,2011-09-05 00:00:00+00:00,2011-09-05 00:00:00+00:00,15.0,7.0,1.0,298.8475,2010,1784580.38671875,9208.1118866721
4800,2010,CA,CCO,LAC,MUREAU,NPS597,2010-08-01 00:00:00+00:00,2010-08-01 00:00:00+00:00,14.0,1.0,1.0,22.95863,2010,136003.14453125,2176.30149227944
4801,2010,CA,CCO,LAC,RIVER,00136462,2010-06-19 00:00:00+00:00,2010-06-19 00:00:00+00:00,2.0,7.0,1.0,2.553682,2010,15251.33984375,707.348711755395
4802,2010,CA,CCO,LAC,QUAIL,00136678,2010-06-19 00:00:00+00:00,2010-06-19 00:00:00+00:00,2.0,7.0,1.0,8.285655,2010,49803.12890625,1158.57496813688
4803,2010,CA,CCO,LAC,CALGROVE,00141371,2010-06-25 00:00:00+00:00,2010-06-25 00:00:00+00:00,14.0,7.0,1.0,7.456395,2010,44367.32421875,1564.48830236595
4804,2010,CA,CCO,LAC,ECHO LAKE,146126,2010-07-01 00:00:00+00:00,2010-07-10 00:00:00+00:00,16.0,7.0,1.0,24.08152,2010,140215.95703125,1762.92480711827
4805,2010,CA,CCO,LAC,NEENACH,159288,2010-07-17 00:00:00+00:00,2010-07-17 00:00:00+00:00,14.0,1.0,1.0,171.4515,2010,1030851.23046875,5280.28064912754
4806,2010,CA,CCO,LAC,NEWHALL,00164539,2010-07-23 00:00:00+00:00,2010-07-23 00:00:00+00:00,14.0,7.0,1.0,33.81783,2010,201309.671875,3190.87472166394
4807,2010,CA,CCO,LAC,LANCASTER,169145,2010-07-29 00:00:00+00:00,2010-07-29 00:00:00+00:00,2.0,7.0,1.0,121.6214,2010,730716.296875,5028.60991519015
4808,2010,CA,CCO,LAC,CROWN,169202,2010-07-29 00:00:00+00:00,2010-08-02 00:00:00+00:00,2.0,7.0,1.0,12582.28,2010,75287110.4023438,99892.1142996514
4809,2010,CA,CCO,LAC,HASKELL,00177189,2010-08-08 00:00:00+00:00,2010-08-08 00:00:00+00:00,3.0,5.0,1.0,44.6334,2010,266319.37109375,3746.99001708804
4810,2010,CA,CCO,LAC,OAK,00196654,2010-08-31 00:00:00+00:00,2010-08-31 00:00:00+00:00,10.0,6.0,1.0,15.95223,2010,95006.46875,1908.85511528109
4811,2010,CA,CCO,LAC,TAMPA,207010,2010-09-13 00:00:00+00:00,2010-09-13 00:00:00+00:00,14.0,7.0,1.0,22.84284,2010,135794.88671875,1505.58512505027
4812,2010,CA,CCO,LAC,COLIMA,Unknown,2010-09-16 00:00:00+00:00,2010-09-16 00:00:00+00:00,10.0,5.0,1.0,11.20271,2010,66082.6796875,1339.27508400443
4813,2010,CA,CCO,LAC,OLIVE,NPS499,2010-06-28 00:00:00+00:00,2010-06-28 00:00:00+00:00,14.0,4.0,1.0,1.121484,2010,6671.13476872444,289.537479303093
4814,2010,CA,CCO,LAC,LOST,NPS509,2010-07-02 00:00:00+00:00,2010-07-02 00:00:00+00:00,2.0,1.0,1.0,19.18518,2010,113589.55859375,1548.87335360193
4815,2010,CA,CCO,LAC,QUEENS,NPS762,2010-09-15 00:00:00+00:00,2010-09-15 00:00:00+00:00,14.0,5.0,1.0,4.970605,2010,29575.6772108078,609.63835263326
5001,2009,CA,CCO,LAC,TERREBONNE,000059,2009-06-03 00:00:00+00:00,2009-06-04 00:00:00+00:00,1.0,6.0,1.0,19.08557,2000,113035.39453125,1661.21633402609
5002,2009,CA,CCO,LAC,CANYON,000109,2009-07-19 00:00:00+00:00,2009-07-19 00:00:00+00:00,2.0,6.0,1.0,38.44999,2000,229861.43359375,2805.92329036839
5003,2009,CA,USF,LAC,HILLSIDE,000158,2009-09-25 00:00:00+00:00,2009-09-26 00:00:00+00:00,14.0,6.0,1.0,96.74557,2000,580169.8046875,4193.74824484198
5004,2009,CA,CCO,LAC,VALLEY,111123,2009-05-18 00:00:00+00:00,2009-05-18 00:00:00+00:00,3.0,7.0,1.0,130.8039,2000,785236.3359375,8231.90349016892
5005,2009,CA,CCO,LAC,GRAVE,119498,2009-05-28 00:00:00+00:00,2009-05-28 00:00:00+00:00,14.0,7.0,1.0,262.0889,2000,1571855.53515625,6644.86405017172
5006,2009,CA,CCO,LAC,G,124883,2009-06-04 00:00:00+00:00,2009-06-04 00:00:00+00:00,14.0,7.0,1.0,215.0833,2000,1291989.64453125,12354.7226401133
5007,2009,CA,CCO,LAC,PARK,000427,2009-07-14 00:00:00+00:00,2009-07-14 00:00:00+00:00,8.0,1.0,1.0,1.502962,2000,8934.58326983452,335.07514061929
5008,2009,CA,CCO,LAC,STATE PARK,144299,2009-06-28 00:00:00+00:00,2009-06-29 00:00:00+00:00,14.0,7.0,1.0,141.5527,2000,851431.81640625,5270.82969999475
5009,2009,CA,CCO,LAC,GOLF,155653,2009-07-11 00:00:00+00:00,2009-07-11 00:00:00+00:00,14.0,7.0,1.0,88.33082,2000,530483.07421875,3301.19336201053
5010,2009,CA,CCO,LAC,MARSHALL,156681,2009-07-12 00:00:00+00:00,2009-07-12 00:00:00+00:00,14.0,1.0,1.0,14.13487,2000,83724.91796875,2524.25707741311
5011,2009,CA,CCO,LAC,SLOAN,160829,2009-07-17 00:00:00+00:00,2009-07-17 00:00:00+00:00,10.0,7.0,1.0,81.81142,2000,488611.8671875,5258.0579915046
5012,2009,CA,CCO,LAC,PV,194372,2009-08-27 00:00:00+00:00,2009-08-28 00:00:00+00:00,11.0,7.0,1.0,234.2768,2000,1374980.1484375,8423.82123243287
5013,2009,CA,CCO,LAC,DIAMOND,250651,2009-11-03 00:00:00+00:00,2009-11-04 00:00:00+00:00,10.0,7.0,1.0,155.2837,2000,917125.0390625,9153.25483766503
5014,2009,CA,CCO,LAC,MT ST MARYS,000426,2009-07-08 00:00:00+00:00,2009-07-08 00:00:00+00:00,2.0,5.0,1.0,35.07367,2000,207474.70703125,2833.72445613219
5015,2009,CA,CCO,LAC,ROMDELL,000505,2009-08-22 00:00:00+00:00,2009-08-22 00:00:00+00:00,14.0,6.0,1.0,5.428401,2000,32154.81640625,839.891315100983
5166,2009,CA,CCO,LAC,EE RANCH,Unknown,2009-05-09 00:00:00+00:00,2009-05-09 00:00:00+00:00,2.0,5.0,1.0,6.031826,2000,35720.20703125,911.773453441359
5227,2008,CA,CCO,LAC,LOST,193741,2008-08-26 00:00:00+00:00,2008-08-26 00:00:00+00:00,8.0,7.0,1.0,167.1212,2000,989520.03125,7768.83970663695
5228,2008,CA,CCO,LAC,D,202679,2008-09-06 00:00:00+00:00,,14.0,7.0,1.0,64.27667,2000,386481.94140625,4596.91894007937
5229,2008,CA,CCO,LAC,SESNON,231953,2008-10-13 00:00:00+00:00,,14.0,7.0,1.0,14701.31,2000,87409322.4921875,92236.6934473669
5230,2008,CA,CCO,LAC,STORRS,110146,2008-05-16 00:00:00+00:00,,14.0,7.0,1.0,81.80362,2000,483370.859375,3280.41718616368
5354,2008,CA,CCO,LAC,WESTLAKE,Unknown,2008-05-01 00:00:00+00:00,2008-05-01 00:00:00+00:00,14.0,1.0,1.0,0.310683,2000,1847.01292955875,152.349102398046
5355,2008,CA,CCO,LAC,MULHOLLAND,Unknown,2008-01-17 00:00:00+00:00,2008-01-17 00:00:00+00:00,14.0,1.0,1.0,0.09403633,2000,558.822930693626,83.7996184617152
5356,2008,CA,CCO,LAC,TRIUNFO,Unknown,2008-06-04 00:00:00+00:00,2008-06-04 00:00:00+00:00,14.0,8.0,1.0,0.4853166,2000,2885.52104699612,190.421970609564
5357,2008,CA,CCO,LAC,TOPANGA,Unknown,2008-08-26 00:00:00+00:00,2008-08-26 00:00:00+00:00,10.0,8.0,1.0,1.006243,2000,5973.39688611031,273.977953669736
5358,2008,CA,CCO,LAC,KANAN,Unknown,2008-09-27 00:00:00+00:00,2008-09-27 00:00:00+00:00,14.0,8.0,1.0,2.019844,2000,11995.1416695118,388.246565713751
5606,2007,CA,CCO,LAC,OCTOBER,00246393,2007-10-21 00:00:00+00:00,2007-10-23 00:00:00+00:00,14.0,8.0,1.0,25.73671,2000,153290.078125,2305.25840789102
5607,2007,CA,CCO,LAC,MAGIC,00233077,2007-10-22 00:00:00+00:00,2007-10-25 00:00:00+00:00,14.0,8.0,1.0,2824.877,2000,16834546.8476562,24761.5896440095
5609,2007,CA,CCO,LAC,EMMA,00201384,2007-09-11 00:00:00+00:00,2007-09-11 00:00:00+00:00,14.0,8.0,1.0,172.215,2000,1028760.890625,7431.46791380948
5610,2007,CA,CCO,LAC,CORRAL,00259483,2007-11-24 00:00:00+00:00,2007-11-27 00:00:00+00:00,14.0,8.0,1.0,4707.997,2000,27826958.3789062,27685.171836133
5611,2007,CA,CCO,LAC,GORMAN,00109398,2007-05-19 00:00:00+00:00,2007-05-22 00:00:00+00:00,14.0,8.0,1.0,2373.845,2000,14266522.2382812,24006.6815147438
5612,2007,CA,CCO,LAC,WEST,00148311,2007-07-07 00:00:00+00:00,2007-07-08 00:00:00+00:00,14.0,8.0,1.0,245.234,2000,1474671.3984375,7170.58390706338
5613,2007,CA,CCO,LAC,PEARBLOSSOM,00177427,2007-08-13 00:00:00+00:00,2007-08-14 00:00:00+00:00,14.0,8.0,1.0,81.0335,2000,484113.8125,5011.16501914232
5614,2007,CA,CCO,LAC,SKYLINE,00183643,2007-08-21 00:00:00+00:00,2007-08-23 00:00:00+00:00,14.0,8.0,1.0,95.41856,2000,563161.4453125,4332.95259919261
5615,2007,CA,CCO,LAC,SESNON,00231876,2007-10-21 00:00:00+00:00,2007-10-21 00:00:00+00:00,14.0,8.0,1.0,30.30142,2000,180152.71875,2032.10677887701
5616,2007,CA,CCO,LAC,SOLEDAD,00233414,2007-10-22 00:00:00+00:00,2007-10-23 00:00:00+00:00,14.0,8.0,1.0,44.16777,2000,263363.33203125,2494.11180001473
5617,2007,CA,CCO,LAC,Y,00233912,2007-10-23 00:00:00+00:00,,14.0,6.0,1.0,22.49173,2000,134216.59765625,2016.15607241837
5627,2007,CA,CCO,LAC,PEARBLOSSOM,00080271,2007-04-12 00:00:00+00:00,2007-04-13 00:00:00+00:00,14.0,8.0,1.0,77.80277,2000,464902.3046875,6286.10996821588
5628,2007,CA,CCO,LAC,ISLAND,00102481,2007-05-10 00:00:00+00:00,2007-05-17 00:00:00+00:00,14.0,8.0,1.0,4722.966,2000,27470950.1757812,36823.8808184177
5629,2007,CA,CCO,LAC,CANYON,00148415,2007-07-07 00:00:00+00:00,,14.0,6.0,1.0,743.4799,2000,4437599.67578125,14944.9189727201
5630,2007,CA,CCO,LAC,FAIRMONT,00193853,2007-09-01 00:00:00+00:00,2007-09-08 00:00:00+00:00,14.0,8.0,1.0,211.6219,2000,1269857.5234375,5769.21304747602
5634,2007,CA,CCO,LAC,MEADOW RIDGE,00233523,2007-10-23 00:00:00+00:00,2007-10-25 00:00:00+00:00,14.0,8.0,1.0,39.10847,2000,232823.73828125,4091.65286380833
5651,2007,CA,LRA,LAC,GRIFFITH PARK,00000000,2007-05-08 00:00:00+00:00,,3.0,7.0,1.0,747.8984,2000,4427910.23828125,15010.920327604
5652,2007,CA,LRA,LAC,BARHAM,00000000,2007-03-30 00:00:00+00:00,2007-03-31 00:00:00+00:00,8.0,7.0,1.0,224.3276,2000,1328555.58984375,6131.23939583745
5657,2007,CA,CCO,LAC,TRIUNFO,00000313,2007-05-09 00:00:00+00:00,2007-05-09 00:00:00+00:00,9.0,8.0,1.0,0.3089809,2000,1829.23828125,151.80817231436
5669,2007,CA,LRA,LAC,GRIFFITH PARK,00000000,2007-08-14 00:00:00+00:00,2007-08-14 00:00:00+00:00,14.0,5.0,1.0,4.961969,2000,29371.53515625,607.790258732503
5670,2007,CA,CCO,LAC,AGOURA,00000420,2007-06-21 00:00:00+00:00,2007-06-21 00:00:00+00:00,9.0,1.0,1.0,0.8084014,2000,4787.4375,392.491296947771
5671,2007,CA,CCO,LAC,KANAN,00000457,2007-07-03 00:00:00+00:00,2007-07-03 00:00:00+00:00,2.0,1.0,1.0,0.5139439,2000,3042.2421875,244.790085181833
5672,2007,CA,CCO,LAC,FLORES,00000535,2007-08-05 00:00:00+00:00,2007-08-05 00:00:00+00:00,10.0,1.0,1.0,0.09350429,2000,552.8125,83.4544081479223
5673,2007,CA,CCO,LAC,AGOURA 2,00000677,2007-10-07 00:00:00+00:00,2007-10-07 00:00:00+00:00,7.0,1.0,1.0,2.014412,2000,11930.51171875,387.451963204286
5674,2007,CA,CCO,LAC,VIRGENES,00000717,2007-11-03 00:00:00+00:00,2007-11-03 00:00:00+00:00,9.0,7.0,1.0,0.01678047,2000,99.37890625,35.3861382537816
5720,2007,CA,CDF,LAC,NORTH,00000129,2007-09-02 00:00:00+00:00,2007-09-02 00:00:00+00:00,1.0,8.0,1.0,2122.343,2000,12651429.6171875,19154.0742605486
5867,2007,CA,CCO,LAC,BUCKWEED,00000167,2007-10-21 00:00:00+00:00,2007-10-21 00:00:00+00:00,8.0,2.0,1.0,38347.47,2000,229093053.527344,113267.992876298
5934,2007,CA,NPS,LAC,LATIGO CANYON,00000285,2007-04-26 00:00:00+00:00,2007-04-26 00:00:00+00:00,9.0,8.0,1.0,0.09348453,2000,552.44921875,83.4273857600336
5944,2007,CA,NPS,LAC,LATIGO,00000350,2007-05-23 00:00:00+00:00,2007-05-23 00:00:00+00:00,2.0,1.0,1.0,0.197764,2000,1168.8125,121.347626738322
5987,2006,CA,CCO,LAC,POPPY FIRE,00184014,2006-08-25 00:00:00+00:00,2006-08-25 00:00:00+00:00,14.0,1.0,1.0,372.1154,2000,2233987.40234375,8682.35126655584
5988,2006,CA,CCO,LAC,HWY 138 & 300 WEST FIRE,00158182,2006-07-23 00:00:00+00:00,2006-07-23 00:00:00+00:00,14.0,1.0,1.0,192.6109,2000,1158290.4921875,9965.15199509604
6011,2006,CA,CCO,LAC,EMPIRE,00157696,2006-07-22 00:00:00+00:00,2006-07-25 00:00:00+00:00,14.0,7.0,1.0,1063.158,2000,6190967.453125,17788.7223298357
6012,2006,CA,CCO,LAC,QUAIL FIRE,00174794,2006-08-13 00:00:00+00:00,2006-08-17 00:00:00+00:00,14.0,7.0,1.0,4769.777,2000,28697945.1601562,38442.5364107104
6013,2006,CA,CCO,LAC,HIGHLAND FIRE,00157141,2006-07-22 00:00:00+00:00,2006-07-22 00:00:00+00:00,14.0,7.0,1.0,145.7828,2000,869486.109375,6552.20716088164
6060,2006,CA,CCO,LAC,JOHNSON ROAD FIRE,00175756,2006-07-18 00:00:00+00:00,2006-07-18 00:00:00+00:00,14.0,1.0,1.0,110.6591,2000,663497.1953125,3283.14827633956
6061,2006,CA,CCO,LAC,CROSS FIRE,06186247,2006-08-28 00:00:00+00:00,2006-08-31 00:00:00+00:00,14.0,8.0,1.0,664.7448,2000,3959033.1953125,15863.2549776135
6144,2006,CA,CCO,LAC,LATIGO,00029215,2006-02-08 00:00:00+00:00,2006-02-09 00:00:00+00:00,10.0,1.0,1.0,36.62501,2000,216606.5234375,4464.85547556258
6301,2005,CA,CCO,LAC,TOVEY,05141999,2005-07-05 00:00:00+00:00,2005-07-08 00:00:00+00:00,14.0,1.0,1.0,983.473,2000,5879855.3125,17471.3743286342
6531,2005,CA,CCO,LAC,D,00134950,2005-06-27 00:00:00+00:00,2005-06-28 00:00:00+00:00,14.0,8.0,1.0,147.3097,2000,885478.87890625,7899.66595916023
6532,2005,CA,CCO,LAC,TOPANGA,00208724,2005-09-28 00:00:00+00:00,2005-10-10 00:00:00+00:00,14.0,8.0,1.0,23396.39,2000,138815034.363281,168301.368837307
6538,2005,CA,CCO,LAC,SIERRA,00149034,2005-07-13 00:00:00+00:00,2005-04-14 00:00:00+00:00,8.0,8.0,1.0,364.3786,2000,2176595.1484375,11994.7678114112
6539,2005,CA,CCO,LAC,SAN CLEMENTE,00148153,2005-07-13 00:00:00+00:00,2005-07-13 00:00:00+00:00,14.0,8.0,1.0,179.3562,2000,1052707.66015625,7377.70727483942
6540,2005,CA,CCO,LAC,RANGE,00153000,2005-07-19 00:00:00+00:00,2005-07-19 00:00:00+00:00,7.0,8.0,1.0,238.9379,2000,1432929.796875,6491.05678471748
6541,2005,CA,CCO,LAC,QUINN,00163678,2005-08-01 00:00:00+00:00,2005-08-01 00:00:00+00:00,2.0,8.0,1.0,135.9906,2000,811177.48046875,5069.69834147731
6542,2005,CA,CCO,LAC,QUARTZ,00142171,2005-07-06 00:00:00+00:00,2005-07-06 00:00:00+00:00,14.0,8.0,1.0,127.2757,2000,763276.2109375,4892.63996561993
6543,2005,CA,CCO,LAC,GORMAN,00189367,2005-09-03 00:00:00+00:00,2005-09-06 00:00:00+00:00,14.0,8.0,1.0,2515.941,2000,15139227.9453125,25755.7111390024
6544,2005,CA,CCO,LAC,PALMDALE,00138081,2005-07-01 00:00:00+00:00,2005-07-01 00:00:00+00:00,7.0,8.0,1.0,140.4415,2000,840639.703125,4439.38616563015
6545,2005,CA,CCO,LAC,OAK,00133371,2005-06-25 00:00:00+00:00,2005-06-25 00:00:00+00:00,2.0,8.0,1.0,133.6879,2000,798078.8203125,6832.66509859933
6546,2005,CA,CCO,LAC,MUNZ,00134919,2005-06-27 00:00:00+00:00,2005-06-28 00:00:00+00:00,7.0,8.0,1.0,1183.535,2000,7101765.7265625,22936.3675586531
6587,2004,CA,CCO,LAC,MUNZ,00183690,2004-09-05 00:00:00+00:00,2004-09-06 00:00:00+00:00,7.0,6.0,1.0,267.4607,2000,1603892.9609375,8611.71809289154
6588,2004,CA,CCO,LAC,FOOTHILL,00146068,2004-07-17 00:00:00+00:00,2004-07-25 00:00:00+00:00,7.0,6.0,1.0,5969.518,2000,35544462.125,48433.9643936273
6590,2004,CA,CCO,LAC,WAYSIDE,00090871,2004-05-03 00:00:00+00:00,2004-05-04 00:00:00+00:00,9.0,6.0,1.0,90.6327,2000,540784.453125,5679.53092976618
6591,2004,CA,CCO,LAC,PINE,00142168,2004-07-12 00:00:00+00:00,2004-07-23 00:00:00+00:00,9.0,6.0,1.0,16271.65,2000,97749222.6523438,111607.95097265
6974,2003,CA,CCO,LAC,PACIFIC,00004293,2003-01-06 00:00:00+00:00,2003-01-10 00:00:00+00:00,13.0,1.0,1.0,805.6346,2000,4760533.16796875,35569.1918088195
6975,2003,CA,CCO,LAC,AIRPORT,00004054,2003-01-06 00:00:00+00:00,2003-01-06 00:00:00+00:00,13.0,7.0,1.0,142.8408,2000,831471.82421875,7375.82560968192
6976,2003,CA,CCO,LAC,WEST,00113933,2003-06-06 00:00:00+00:00,2003-06-06 00:00:00+00:00,11.0,6.0,1.0,110.5337,2000,663503.02734375,5689.49880901461
6977,2003,CA,CCO,LAC,DULCE,00136159,2003-07-05 00:00:00+00:00,2003-07-05 00:00:00+00:00,8.0,1.0,1.0,151.5897,2000,904821.34375,5365.40635255137
6978,2003,CA,CCO,LAC,SAGE,00181907,2003-09-02 00:00:00+00:00,2003-09-02 00:00:00+00:00,11.0,6.0,1.0,21.87809,2000,130702.5859375,2199.14989731196
6979,2003,CA,CCO,LAC,HAUSER,00150988,2003-07-24 00:00:00+00:00,2003-07-27 00:00:00+00:00,11.0,7.0,1.0,2038.864,2000,12196543.0351562,23554.6751830322
6980,2003,CA,CCO,LAC,LOS ALAMOS,00174407,2003-08-23 00:00:00+00:00,2003-08-23 00:00:00+00:00,16.0,6.0,1.0,302.7944,2000,1817456.5625,8178.17761541126
6981,2003,CA,CCO,LAC,GORMAN,00200343,2003-09-27 00:00:00+00:00,2003-09-27 00:00:00+00:00,16.0,6.0,1.0,175.1584,2000,1053417.1953125,6074.02341145634
6982,2003,CA,CCO,LAC,AQUEDUCT,00211757,2003-10-13 00:00:00+00:00,2003-10-13 00:00:00+00:00,2.0,7.0,1.0,356.0853,2000,2140447.26171875,9435.83192491982
7069,2003,CA,CCO,LAC,VERDALE,00220027,2003-10-24 00:00:00+00:00,2003-10-28 00:00:00+00:00,16.0,7.0,1.0,8474.283,2000,50526532.9335938,50843.3448644878
7070,2003,CA,CCO,LAC,WILDWOOD,00217933,2003-10-21 00:00:00+00:00,2003-10-21 00:00:00+00:00,3.0,7.0,1.0,68.41597,2000,405757.80078125,3158.03743400019
7361,2002,CA,CCO,LAC,FREEWAY FIRE I,00153545,2002-07-09 00:00:00+00:00,2002-07-09 00:00:00+00:00,7.0,6.0,1.0,64.8705,2000,386159.23046875,5259.46068033552
7362,2002,CA,CCO,LAC,PLACERITA FIRE,00137505,2002-07-08 00:00:00+00:00,2002-07-08 00:00:00+00:00,7.0,7.0,1.0,358.8925,2000,2137673.9375,13909.7060333086
7363,2002,CA,CCO,LAC,COPCO FIRE,00001949,2002-06-18 00:00:00+00:00,2002-06-20 00:00:00+00:00,14.0,7.0,1.0,1404.16,2000,8435124.25390625,15282.2212507891
7364,2002,CA,CCO,LAC,COPPER FIRE,00112310,2002-06-05 00:00:00+00:00,2002-06-12 00:00:00+00:00,2.0,7.0,1.0,19101.64,2000,114250021.636719,97960.4534721797
7366,2002,CA,CCO,LAC,CHERRY FIRE,00172482,2002-08-25 00:00:00+00:00,2002-08-25 00:00:00+00:00,14.0,6.0,1.0,159.3011,2000,953560.48046875,5672.70769406322
7367,2002,CA,CCO,LAC,FREEWAY FIRE II,00177557,2002-09-01 00:00:00+00:00,2002-09-03 00:00:00+00:00,7.0,6.0,1.0,1028.471,2000,6148273.65625,17099.3513829266
7368,2002,CA,CCO,LAC,SHANNON FIRE,00102688,2002-05-23 00:00:00+00:00,2002-05-23 00:00:00+00:00,14.0,7.0,1.0,298.9299,2000,1786884.8828125,6990.02564131324
7369,2002,CA,CCO,LAC,RIDGE FIRE,00111675,2002-06-04 00:00:00+00:00,2002-06-04 00:00:00+00:00,7.0,6.0,1.0,118.3375,2000,707068.14453125,5796.44940025007
7370,2002,CA,CCO,LAC,BURLWOOD,00101874,2002-05-22 00:00:00+00:00,2002-05-22 00:00:00+00:00,7.0,1.0,1.0,66.40936,2000,396360.2734375,4315.61138073755
7371,2002,CA,CCO,LAC,OASIS FIRE,00187107,2002-09-14 00:00:00+00:00,2002-09-14 00:00:00+00:00,7.0,2.0,1.0,1151.388,2000,6870329.41015625,20642.7657311608
7372,2002,CA,CCO,LAC,CAMBRIDGE,00201324,2002-10-08 00:00:00+00:00,2002-10-08 00:00:00+00:00,14.0,6.0,1.0,108.0377,2000,644749.765625,5426.339137702
7373,2002,CA,CCO,LAC,QUARRY FIRE,00180003,2002-09-04 00:00:00+00:00,2002-09-04 00:00:00+00:00,14.0,6.0,1.0,81.99478,2000,488971.18359375,5284.57146944283
7377,2002,CA,CCO,LAC,MOUNTAIN FIRE,00009902,2002-09-09 00:00:00+00:00,2002-09-11 00:00:00+00:00,14.0,1.0,1.0,749.0938,2000,4442023.3203125,10393.0244878887
7484,2001,CA,CCO,LAC,SLOAN FIRE,00001170,2001-08-27 00:00:00+00:00,,14.0,6.0,1.0,1788.64,2000,10683789.8789062,23862.3423843439
7485,2001,CA,CCO,LAC,STABLES FIRE,00000002,2001-10-12 00:00:00+00:00,,14.0,6.0,1.0,6401.868,2000,38231266.6953125,56751.1726925356
7598,2001,CA,CCO,LAC,GLENDORA FIRE,00001139,2001-07-15 00:00:00+00:00,,14.0,6.0,1.0,36.24531,2000,214751.8203125,2315.55345206774
7599,2001,CA,CCO,LAC,TEMPLIN FIRE,00001167,2001-08-24 00:00:00+00:00,,14.0,6.0,1.0,52.0729,2000,311290.26171875,2888.61742067633
7600,2001,CA,CCO,LAC,BOUQUET FIRE,00001133,2001-07-07 00:00:00+00:00,,14.0,6.0,1.0,194.0872,2000,1158506.3984375,7824.83643756723
7661,2000,CA,CCO,LAC,YUCCA,00001623,2000-09-13 00:00:00+00:00,,14.0,6.0,1.0,788.8675,2000,4712729.17578125,17420.6072703588
7662,2000,CA,CCO,LAC,WEST,00001366,2000-08-04 00:00:00+00:00,,14.0,6.0,1.0,121.432,2000,723453.93359375,4792.32017422496
7699,2000,CA,CCO,LAC,ORCAS,00001864,2000-10-22 00:00:00+00:00,,14.0,6.0,1.0,35.4088,2000,210400.80078125,2176.73696007717
7700,2000,CA,CCO,LAC,BURKE,00002298,2000-02-25 00:00:00+00:00,,14.0,6.0,1.0,171.8867,2000,1025806.69921875,5448.24117585532
7782,2000,CA,CCO,LAC,LAKE,00001261,2000-07-19 00:00:00+00:00,,14.0,6.0,1.0,73.86954,2000,443022.62109375,3120.04205741338
7784,2000,CA,CCO,LAC,DRY,00000975,2000-06-06 00:00:00+00:00,,14.0,6.0,1.0,253.3635,2000,1515426.56640625,5046.69473689221
7816,2000,CA,CCO,LAC,CALABASAS,00001008,2000-06-11 00:00:00+00:00,2000-06-12 00:00:00+00:00,14.0,5.0,1.0,1024.243,2000,6072928.26171875,12488.2458617427
